nombre|artista|duracion
I Don't Care (with Justin Bieber) - Loud Luxury Remix|Ed Sheeran|194754
Memories - Dillon Francis Remix|Maroon 5|162600
All the Time - Don Diablo Remix|Zara Larsson|176616
Call You Mine - Keanu Silva Remix|The Chainsmokers|169093
Someone You Loved - Future Humans Remix|Lewis Capaldi|189052
Beautiful People (feat. Khalid) - Jack Wins Remix|Ed Sheeran|163049
Never Really Over - R3HAB Remix|Katy Perry|187675
Post Malone (feat. RANI) - GATTÜSO Remix|Sam Feldt|207619
Tough Love - Tiësto Remix / Radio Edit|Avicii|193187
If I Can't Have You - Gryffin Remix|Shawn Mendes|253040
Cross Me (feat. Chance the Rapper & PnB Rock) - M-22 Remix|Ed Sheeran|207894
Hate Me - R3HAB Remix|Ellie Goulding|203733
Body On My|Loud Luxury|192507
SOS - Laidback Luke Tribute Remix / Radio Edit|Avicii|164516
Summer Days (feat. Macklemore & Patrick Stump of Fall Out Boy) - Tiësto Remix|Martin Garrix|255238
South of the Border (feat. Camila Cabello & Cardi B) - Andy Jarvis Remix|Ed Sheeran|188230
All My Friends - Eden Prince Remix|AJ Mitchell|173548
Say My Name (feat. Bebe Rexha & J Balvin) - Lucas & Steve Remix|David Guetta|189375
Dancing With A Stranger (With Normani) - Cheat Codes Remix|Sam Smith|159404
Let It Be Me - Sondr Remix|Steve Aoki|185366
Heaven - David Guetta & MORTEN Remix|Avicii|215238
All Around The World (La La La) - Marnik Remix|R3HAB|170667
Don't Leave Me Alone (feat. Anne-Marie) - EDX's Indian Summer Remix|David Guetta|210968
Slow Dance (feat. Ava Max) - Sam Feldt Remix|AJ Mitchell|193548
Do You Mean (feat. Ty Dolla $ign & bülow) - Myon Remix|The Chainsmokers|205093
Hold Me While You Wait - Steve Void Remix|Lewis Capaldi|172800
One Thing Right - Firebeatz Remix|Marshmello|192381
Close To Me (with Diplo) (feat. Swae Lee) - CID Remix|Ellie Goulding|175000
So Am I - Toby Green Remix|Ava Max|166875
When You Leave - Breathe Carolina Remix|Nikki Vianna|155080
Mother - Fedde Le Grand Remix|Charlie Puth|178125
Signs - Eden Prince Remix|Starley|172000
Ruin My Life - Steve James Remix|Zara Larsson|177097
Torn - KREAM Remix|Ava Max|169935
Quite Miss Home - Steve Void Remix|James Arthur|220413
Love Me Less (feat. Quinn XCII) - Party Pupils Remix|MAX|185273
Happier - Matt Medved Remix|Marshmello|170164
Side Effects - Fedde Le Grand Remix|The Chainsmokers|172360
Good Things Fall Apart (with Jon Bellion) [Tiësto's Big Room Remix]|ILLENIUM|247385
Paradise - Bazzi vs. Black Caviar Remix|Bazzi vs.|218015
White Mercedes - EDX's Miami Sunset Remix|Charli XCX|200444
Higher Love|Kygo|228267
Unlove You|Armin van Buuren|150160
bad guy (with Justin Bieber)|Billie Eilish|194840
Freaking Me Out - Keanu Silva Remix|Ava Max|177466
Heaven Can Wait - The Aston Shuffle Remix|Sia|218373
When It Comes To You - Benny Benassi & BB Team Remix|Sean Paul|144073
Gone - The Wild Remix|Charli XCX|193861
American Boy - Brooks Remix|Estelle|200625
Million Pieces - M-22 Remix|Bastille|166237
joy. (R3HAB Remix)|for KING & COUNTRY|171500
Crash Into Me - Settle Down Steavis Aoki Remix|Steve Aoki|266719
Old Town Road - Diplo Remix|Lil Nas X|204027
Lovers + Strangers - GATTÜSO Remix|Starley|203968
Promises (with Sam Smith) - David Guetta Remix|Calvin Harris|190417
Flames (with ZAYN) - R3HAB & Skytech VIP Remix|R3HAB|237686
What Am I - SONDR Remix|Why Don't We|180361
Cool Kids|Olympis|139048
Loco Contigo (with J. Balvin & Tyga) - Cedric Gervais Remix|DJ Snake|279800
All Star - Breathe Carolina Remix|Smash Mouth|217043
Trampoline - Dave Audé Remix|SHAED|230476
Stay (Don't Go Away) [feat. Raye] - Mark Knight Remix|David Guetta|188640
With You - Dexter Remix|Kaskade|196613
Safety (feat. DJ Snake) - Dark Heart 2am Mix|GASHI|210000
Beautiful (feat. Camila Cabello) - Bazzi vs. EDX's Ibiza Sunrise Remix|Bazzi vs.|187869
Talk - Disclosure VIP|Khalid|273229
Spicy - Majestic Remix|Herve Pagez|255861
Don't Leave Me Lonely (feat. Yebba) - Claptone Remix|Mark Ronson|216714
Treehouse - R3HAB Remix|James Arthur|192653
Hearts Ain't Gonna Lie - Eden Prince Remix|Arlissa|238451
Call You Mine|The Chainsmokers|217653
Post Malone (feat. RANI)|Sam Feldt|174444
Here With Me|Marshmello|156347
Easier - Seeb Remix|5 Seconds of Summer|165767
Sixteen|Ellie Goulding|201072
Never Really Over|Katy Perry|223523
All You Need To Know (feat. Calle Lehmann)|Gryffin|238459
I Miss Myself (with HRVY)|NOTD|191612
South of the Border (feat. Camila Cabello & Cardi B) - Sam Feldt Remix|Ed Sheeran|173455
Takeaway (feat. Lennon Stella)|The Chainsmokers|209893
All the Time|Zara Larsson|228112
What I Like About You (feat. Theresa Rex)|Jonas Blue|220396
With You|Kaskade|180840
Body Back (feat. Maia Wright)|Gryffin|214634
Not Ok|Kygo|210944
Ruin My Life|Zara Larsson|190932
I Wanna Know (feat. Bea Miller)|NOTD|197939
Better With You|3LAU|192941
"Carry On (from the Original Motion Picture ""POKÉMON Detective Pikachu"")"|Kygo|215316
Polaroid|Jonas Blue|193377
Lost In Japan - Remix|Shawn Mendes|201253
In Your Arms (with X Ambassadors)|ILLENIUM|220730
I'm Not Alright|Loud Luxury|185062
SOS|Avicii|157202
Harder|Jax Jones|159753
The Middle|Zedd|184732
Wanted|NOTD|160998
Crash Into Me|Steve Aoki|226093
Need Your Love (with Noah Kahan)|Gryffin|205787
Good Things Fall Apart (with Jon Bellion)|ILLENIUM|216668
Don't Call Me Up|Mabel|178480
Nostalgic|A R I Z O N A|182668
Let It Be Me|Steve Aoki|224061
Lovers + Strangers|Starley|178501
Sad Song (feat. TINI)|Alesso|154024
Sleepless Nights|ayokay|197880
Save Me Tonight|ARTY|170079
Pretty Girl - Cheat Codes X CADE Remix|Maggie Lindemann|193613
No Sleep (feat. Bonn)|Martin Garrix|207095
Feel Good (feat. Daya)|Gryffin|248156
Endless Summer|Cashae|202072
Faith (with Dolly Parton) [feat. Mr. Probz]|Galantis|186805
Think About You|Kygo|208567
Party For One|Carly Rae Jepsen|184533
Ritual|Tiësto|198996
Electricity (with Dua Lipa)|Silk City|238173
Lie|Shallou|215446
I Found You (with Calvin Harris)|benny blanco|189165
Now That I Found You|Carly Rae Jepsen|200318
All Comes Back To You|R3HAB|160312
Need U|DVBBS|219521
First Love|Lost Kings|207428
Something Real|Armin van Buuren|179531
TIME|Alesso|166000
Something About You (with Rudimental)|Elderbrook|203200
Home (feat. Bonn)|Martin Garrix|239067
Simple (STVW Remix)|FANNYPACK|147554
Sorry|Joel Corry|188640
Spicy (with Diplo & Charli XCX)|Herve Pagez|157159
The Upside (feat. Elle King)|Lindsey Stirling|228502
Stay|Zedd|210091
Million Voices|Armin van Buuren|187150
Taki Taki (with Selena Gomez, Ozuna & Cardi B)|DJ Snake|212500
Closer (feat. Halsey)|The Chainsmokers|244960
Say My Name (feat. Zyra) - RAC Mix|ODESZA|243091
Clarity|Zedd|271427
Solo (feat. Demi Lovato)|Clean Bandit|222653
Scared to Be Lonely|Martin Garrix|220883
Friends (with BloodPop®)|Justin Bieber|189467
RITMO (Bad Boys For Life)|The Black Eyed Peas|221714
Promises (with Sam Smith)|Calvin Harris|213309
Turn Me On (feat. Vula)|Riton|208474
Light|San Holo|239853
2U|David Guetta|194907
Something Just Like This|The Chainsmokers|247160
One Kiss (with Dua Lipa)|Calvin Harris|214847
Heroes (we could be)|Alesso|210013
It Ain’t Me (with Selena Gomez)|Kygo|220781
Let Me Love You (Until You Learn To Love Yourself)|Ne-Yo|251627
Let Me Love You|DJ Snake|205947
Roses|The Chainsmokers|226739
Stay The Night - Featuring Hayley Williams Of Paramore|Zedd|217347
Latch|Disclosure|255632
Flames|David Guetta|195000
Sorry|Justin Bieber|200787
This Is What You Came For|Calvin Harris|222160
Wake Me Up|Avicii|247427
In My Mind|Dynoro|184560
Titanium (feat. Sia)|David Guetta|245040
Where Are Ü Now|Skrillex|242520
Firework|Katy Perry|227893
Mi Gente (feat. Beyoncé)|J Balvin|209733
Don't You Worry Child - Radio Edit|Swedish House Mafia|213169
"CAN'T STOP THE FEELING! (Original Song from DreamWorks Animation's ""TROLLS"")"|Justin Timberlake|237547
Anything Could Happen|Ellie Goulding|286322
Poker Face|Lady Gaga|237200
How Deep Is Your Love|Calvin Harris|212640
In Your Eyes (feat. Alida)|Robin Schulz|208222
Wish You Well (with Sigala)|Sigala|206440
With You - LöKii Remix|Kaskade|231480
Dive|Hot Shade|164490
No Goodbye|Paul Kalkbrenner|168547
Work|MOTi|155238
Instagram|Dimitri Vegas & Like Mike|184558
Better Off Without You (feat. Shift K3Y)|Becky Hill|198743
Butterfly|Molella|159194
All The Love You Got|MOTi|165714
Call You Mine - Asketa & Natan Chaim Remix|The Chainsmokers|183653
Love Is Not Enough|GATTÜSO|202500
Lose Control|MEDUZA|168387
I Wanna Dance|Jonas Blue|184582
After The Landslide - Club Remix|Matt Simons|240000
Midnight Hour with Boys Noize & Ty Dolla $ign|Skrillex|198839
Pon de Replay|Ed Marquis|257943
So Close|NOTD|190302
Look Into My Eyes|Brando|154654
Not in Control|Glaceo|179016
BLUE|Tiësto|167859
Don't Waste My Time|Kharfi|154286
Beat Of My Heart|Lost Frequencies|183183
Don't Start Now - Kungs Remix|Dua Lipa|216256
Drunken Truth|Steve Void|158091
Jacques|Jax Jones|203227
Something Real|Armin van Buuren|179531
Stay (Don't Go Away) [feat. Raye]|David Guetta|185943
Solid Gold|PNAU|208367
One Life|Mike Perry|204591
All ‘Bout The Money|FAULHABER|169964
Never Letting Go|Audien|172520
Used To Love (with Dean Lewis)|Martin Garrix|236765
Giulia|Prince Paris|153231
What Do I Do? - Benny Benassi Remix|Georgia Ku|167249
Dreams Of You (feat. Rae Morris)|Icarus|291785
I Will Let You Down (feat. KLARA)|Madison Mars|182000
Carillon (with Achille Lauro)|Nahaze|242385
La Vie - Gabry Ponte Mix|DJ Ross|177638
Lullaby|R3HAB|160184
Say It|Phantoms|204693
All This Time|Deorro|225160
All You Need To Know (feat. Calle Lehmann)|Gryffin|238338
Acordeão|Tiësto|131204
My Friend|Yves V|170000
On & On|Alok|147027
Juliet & Romeo|Martin Solveig|204514
All Around The World (La La La)|R3HAB|147840
Are You Lonely (feat. ISÁK)|Steve Aoki|157333
No More (feat. Brenda Mullen) - Bottai Edit|Alex Gaudino|200640
Close Your Eyes|Felix Jaehn|160794
Buzzing (with Nevve)|Audien|225000
Never Be Alone (feat. Aloe Blacc)|David Guetta|178671
Roses - Imanbek Remix|SAINt JHN|176219
Insane|Ofenbach|142230
Daydreams - Sultan + Shepard Echoes Of Life Remix|ARTY|220205
Only Want You - Sam Feldt Remix|Rita Ora|179151
Close To Me (with Diplo) (feat. Swae Lee) - Felix Cartal Remix|Ellie Goulding|223533
Woke Up Late (feat. Hailee Steinfeld) - Sam Feldt Remix|Drax Project|196475
South of the Border (feat. Camila Cabello & Cardi B) - Cheat Codes Remix|Ed Sheeran|195924
Not Ok - Frank Walker Remix|Kygo|183934
Heaven (feat. Veronica)|Dzeko|195000
Sixteen - Don Diablo Remix|Ellie Goulding|193548
Don’t Give Up On Me Now (with Julie Bergan)|R3HAB|127826
Brave|Don Diablo|184027
Let It Be Me|Steve Aoki|224061
Carry On - Nicky Romero Remix|Kygo|175312
Magnets (feat. Sophie Simmons)|Sam Feldt|179016
Don't Give Up On Me|Andy Grammer|190645
Found Love (feat. Lovespeake)|MOTi|157024
These Are The Times (feat. JRM)|Martin Garrix|188656
Wherever You Go|Jonas Blue|208947
Happy Now|Kygo|211362
Roots|Valerie Broussard|184564
Talk - Alle Farben Remix|Khalid|167990
All The Lies - Toby Romeo Remix / Radio Edit|Alok|163000
High Hopes - Don Diablo Remix|Panic! At The Disco|185714
Summer Air (feat. Trevor Guthrie)|Hardwell|201905
Can We Pretend (feat. Cash Cash) - Sigala Remix|P!nk|183360
Bruises - Steve Void Remix|Lewis Capaldi|212280
Insomnia - King Arthur Remix|Daya|176098
Don't Worry Bout Me - Rudimental Remix|Zara Larsson|193137
I Miss Myself - R3HAB Remix|NOTD|183341
8 Letters - R3HAB Remix|Why Don't We|132233
You Deserve Better - Andrelli Remix|James Arthur|196493
Remember (with ZOHARA)|Gryffin|221773
REMEDY|Alesso|190295
Leave|Borgeous|193640
Mama (feat. Ellie Goulding) - Tiësto’s Big Room Remix|Clean Bandit|156168
I'm Not Sorry|Hardwell|186094
Tequila - Robin Schulz Remix|Dan + Shay|170103
Happier - Frank Walker Remix|Marshmello|196571
Sing It With Me - Embody Remix|JP Cooper|180571
Thursday - Nicky Romero Remix|Jess Glynne|217804
Better When You're Gone|David Guetta|192402
Wish You Well|Sigala|205653
Only When It Rains|Frank Walker|169000
Mad Love - Blinkie Remix|Mabel|200893
Sweet but Psycho - Morgan Page Dance Remix|Ava Max|226875
Better Day (feat. Aloe Blacc)|Young Bombs|191786
Rescue Me (with BUNT.) - BUNT. Remix|OneRepublic|174545
Discovery|Syn Cole|198750
With You - Frank Walker Remix|Tyler Shaw|206875
2 Hearts (feat. Gia Koka)|Sam Feldt|186750
Love You Forever|Nicky Romero|234609
Post Malone (feat. RANI)|Sam Feldt|174444
Thorns|Faustix|186000
Shotgun (The Wild Remix)|George Ezra|191650
True Colors (feat. Maya Avedis)|XO Cupid|184020
Crying In The Sun|Faustix|195947
Need You|Faustix|182161
Sweet Dreams (Are Made of This)|Winati|176773
Million Lights|Tungevaag & Raaban|186667
Dancing in the Moonlight|Jubël|164010
Heaven|Avicii|277262
Forever Young|John De Sohn|167912
eoh|Olympis|155520
Nobody|Martin Jensen|211040
All Day And Night|Jax Jones|169467
There's No Way (feat. Julia Michaels) - Alle Farben Remix|Lauv|187301
Whenever (feat. Conor Maynard)|Kris Kross Amsterdam|163636
All For Love|Tungevaag & Raaban|180485
Bittersweet Symphony (feat. Emily Roberts)|GAMPER & DADONI|194618
One Touch|Jess Glynne|197876
fuck, i’m lonely (with Anne-Marie) - Ofenbach Remix|Lauv|178512
Be Your Friend‬‬|Vigiland|180820
Happier - Breathe Carolina Remix|Marshmello|158095
Woke Up Late (feat. Hailee Steinfeld) - Sam Feldt Remix|Drax Project|196475
Just Got Paid|Sigala|218480
No One - Jonas Blue Remix|Jess Glynne|214641
Speechless (feat. Erika Sirola) - MOTi Remix|Robin Schulz|181875
Close To Me (with Diplo) (feat. Swae Lee) - Felix Cartal Remix|Ellie Goulding|223533
Darkside|Alan Walker|211680
Summer Days (feat. Macklemore & Patrick Stump of Fall Out Boy)|Martin Garrix|163805
Body (feat. brando)|Loud Luxury|163216
Who's Got Your Love|Cheat Codes|157000
Never Go Back - Robin Schulz Remix|Dennis Lloyd|184653
Pumped Up|Klingande|177073
California|Hot Shade|169157
Solo Dance|Martin Jensen|174933
Replay|Davai|202520
Think About You - Galantis Remix|Kygo|181040
Love No More|Loud Luxury|168636
All Falls Down (feat. Juliander)|Alan Walker|198880
Lonely Together (feat. Rita Ora)|Avicii|181960
Remind Me to Forget|Kygo|217293
Next To Me|Axel Johansson|179500
Giant (with Rag'n'Bone Man)|Calvin Harris|229184
Happier - Tiësto’s AFTR:HRS Remix|Ed Sheeran|216000
Hum With Me|John De Sohn|167871
Without You (feat. Sandro Cavazza)|Avicii|181673
Call On Me - Ryan Riback Remix|Starley|222000
Sad (feat. Afrojack)|Chico Rose|161280
Stargazing|Kygo|236853
Symphony (feat. Zara Larsson)|Clean Bandit|212733
Stay Young|Mike Perry|157005
More Than You Know|Axwell /\ Ingrosso|203000
Why Boy|Steff da Campo|150005
The Nights|Avicii|176658
Rich Love (with Seeb)|OneRepublic|201257
Mama|Jonas Blue|184134
Feel Good|Felix Jaehn|166947
IDGAF - Hazers Remix|Dua Lipa|240617
Breathe (feat. Ina Wroldsen)|Jax Jones|208107
Rockstar|Ilkay Sencan|212280
Jackie Chan|Tiësto|215760
Moonlight|Gaullin|173067
All I Wanna Do|Martin Jensen|194360
Sweet but Psycho|Ava Max|187436
Melody - ANGEMI Remix|Lost Frequencies|209341
High On Life (feat. Bonn)|Martin Garrix|230762
So Am I|Ava Max|183027
I Know You - Vigiland Remix|Craig David|183345
Through To You|Lyente|129238
Burn Out (feat. Dewain Whitmore)|Martin Garrix|200322
Penny|Dimitri Vangelis & Wyman|199245
Wait For Me|Steve Brian|217143
bad guy|Billie Eilish|194088
Daylight (Airbeat One Anthem 2018)|Fluex|191500
Imagine|Rob Tirea|190698
Apple Juice (feat. Carla Monroe) - MOTi Remix|SLATIN|138750
Glitch|Martin Garrix|185161
Brand New (Helium)|Lvly|173797
Shades Of Voices (Original Mix)|PULLER|283193
In Time|CAZZETTE|191954
Halfway There (feat. Lena Leon)|Tiësto|195000
Spirit Of Freedom|Dropgun|161250
Mama Look at Me Now|Galantis|178132
Toxic Rain - No Class Remix|Alicia Madison|190992
The Beat|Mike Williams|162187
Wild Wild Son|Armin van Buuren|213707
Waiting For Love|Avicii|230613
Shelter (Mix Cut) - Yoel Lewis Remix|Dash Berlin|105219
Like I Do|David Guetta|202500
Skyline|Catiso|176260
Callin' - Extended Mix|Lush & Simon|217500
Roads|Vargas & Lagola|234680
Jackie Chan|Tiësto|215676
Came Here for Love|Sigala|202999
Kids in Love - Don Diablo Remix|Kygo|195714
Let You Down - Chris Royal Remix|Bombs Away|172500
Mercury|Catiso|189625
Different Place|STVCKS|171712
One Last Time|Ariana Grande|197267
I Feel The Love|Tritonal|213120
No Brainer|DJ Khaled|260000
Sun Is Shining|Axwell /\ Ingrosso|254653
Breathe|Jax Jones|207630
In the Name of Love|Martin Garrix|195707
Pure Gold|oomiee|147187
Turning Up|ARASHI|182633
Winter Hitori feat. ASOBOiSM|Shinn Yamada|218357
9と4分の3番線で君を待つ (Run Away) - Japanese Ver.|TOMORROW X TOGETHER|211867
Nobody Knows|Hiroomi Tosaka|221233
One in a Million -奇跡の夜に-|GENERATIONS from EXILE TRIBE|222932
別世界|E-girls|224882
Gimme GImme|iamSHUM|230943
御伽の街|DAOKO|203147
ボイスメモ No. 5|CHANMINA|163040
Now & Forever (feat. SONPUB & 向井太一)|香取慎吾|215140
Make A Move - Pt. 2|EMMA WAHLIN|181200
光線|Ghost like girlfriend|208333
ZONE OF GOLD|Ryuji Imaichi|195433
LOVE + PARTY|CREAM|193553
WAKE ME UP|THE RAMPAGE from EXILE TRIBE|240100
New Page|INTERSECTION|270904
Easy Breezy|chelmico|208376
TOTSUKA feat. サイプレス上野|ASOBOiSM|225412
taste|FlowBack|223920
I don’t wanna do|SARM|244061
A-RA-SHI:Reborn|ARASHI|205928
Light|SIRUP|228371
Night Ship|Yo-Sea|162827
Fly me 2|eill|217000
Not Enough|Rei Yasuda|292587
COLORLESS|Daichi Miura|196367
New Shoes - feat.Shun Murakami|phai|232832
MarudeSaturday Night|BABY-T|214118
FUTARI x PARTY|CREAM|184935
SUPERSTAR|真之介|193417
Be on the Stage|KEITA|232973
space shuttle|空音|224333
Amazing!|Sakurako Ohara|199440
TO-KE-TE|HAN-KUN|214627
JAM fo'freedom (SASUKE Remix)|RUN THE FLOOR|211547
You're the Reason - English ver.|INTERSECTION|198368
Made In JPN|DEAN FUJIOKA|210134
See You Later|Chocoholic|200712
Possible|片寄涼太|283400
All Over You|Boys Get Hurt|212211
Where Would You Go?|SkyLogic|208333
Call My Name - Remix|YUTO|166523
DAYZ|AAAMYYY|311976
Simple Things|HarukiD|157288
SUN DAY - Shinichi Osawa Remix|HIRAIDAI|264935
SPOTLIGHT|eill|221387
let me know|blanchehor|220631
Y.E.S|KEITA|146500
Rich&Famous - feat. Sean Paul|Kumi Koda|249187
ミズノナカヘ - Car TAX remix|yu-re:meu|237071
EASY LOVE|Gear 2nd|225273
PARADE|Miliyah|244187
Obsession|広瀬大地|214132
Shine|DJ PIGER|207213
Upside Down|RYPPHYPE|208530
B.S.G.S.|sooogood!|141473
Bitten By You|Monkey Majik|242627
For Me|WAPLAN|221100
Sway|AATA|241164
Nobody|Beverly|213147
Adios|EVERGLOW|189147
Dumb|BVNDIT|190903
THURSDAY|GOT7|206578
Snapping|CHUNG HA|213164
WONDERLAND|ATEEZ|199013
DDU-DU DDU-DU|BLACKPINK|209355
Like always|X1|204893
Answer|ATEEZ|219760
피카부 Peek-A-Boo|Red Velvet|189050
DRIP|HINAPIA|200465
Jopping|SuperM|251293
HIP|Mamamoo|195307
BBoom BBoom|MOMOLAND|208863
Dumb Litty|KARD|193160
POP/STARS|K/DA|191100
MIDDLE OF THE NIGHT|Monsta X|166213
Boy With Luv (feat. Halsey)|BTS|229773
Bon Bon Chocolat|EVERGLOW|228682
gogobebe|Mamamoo|195856
IDOL|BTS|222732
MIC Drop (feat. Desiigner) [Steve Aoki Remix]|BTS|238726
KILLING ME|iKON|193734
As If It's Your Last|BLACKPINK|213264
MIROH|Stray Kids|207617
Forever Love|YOUNGJAE|216640
BOSS|NCT|210641
Forever Young|BLACKPINK|237077
Egotistic|Mamamoo|196018
Bomb Bomb|KARD|163509
DNA|BTS|223123
Roller Coaster|CHUNG HA|212136
YES or YES|TWICE|237685
FLASH|X1|211320
HANN (Alone)|(G)I-DLE|205820
하드캐리 Hard Carry|GOT7|193579
ME|CLC|193253
BAAM|MOMOLAND|208475
DDD|EXID|205821
Starry Night|Mamamoo|211237
Siren|SUNMI|197252
HIT|SEVENTEEN|203493
Heroine|SUNMI|195000
Way Back Home|SHAUN|214137
I’m So Hot|MOMOLAND|200243
Me & You|EXID|203507
No|CLC|181976
PICK ME|PRODUCE 48|279423
WANT|TAEMIN|208968
Fever|GFRIEND|214293
Room Shaker|Ailee|195027
Power Up|Red Velvet|202040
LALALAY 날라리|SUNMI|174880
8282(Party)|twlv|188893
D.D.D|THE BOYZ|212363
Not That Type|gugudan|191994
Humph!|PENTAGON|192613
Play It Cool|Monsta X|186799
AH YEAH|WINNER|176906
SHA LA LA|PENTAGON|194904
SUNDAY|FANATICS|210018
BEEP BEEP|RUANN|210827
The Only (feat. IRENE of Red Velvet)|Raiden|186918
Break the Distance|ELYAZ|230039
I Could Get Used To This|Becky Hill|193856
Therapy|Armin van Buuren|186187
Sunshine|David Guetta|360960
Giant - Robin Schulz Remix|Calvin Harris|193297
Somebody|The Chainsmokers|223147
Like I Love You|Lost Frequencies|190174
Walk Away|Alle Farben|196640
I Need You|Armin van Buuren|206750
Without You (feat. Sandro Cavazza)|Avicii|181673
Something Just Like This - Alesso Remix|The Chainsmokers|252933
Don't You Worry Child - Radio Edit|Swedish House Mafia|212862
Fine Day|Keanu Silva|194967
BOOM|Tiësto|179512
Whispers|ELYAZ|174015
Secrets - Radio Edit|Tiësto|216967
Forever|Martin Garrix|218437
Carry Me Home (feat. Jake Reese)|KSHMR|191250
A Sky Full of Stars|Coldplay|268467
Don't Let Me Down - Illenium Remix|The Chainsmokers|218933
Selfish|Dimitri Vegas & Like Mike|167857
The Days|Avicii|278480
My Way|Calvin Harris|219160
I Love You|Axwell /\ Ingrosso|191000
Happy Now|Zedd|207030
Born To Be Yours|Kygo|193321
Counting Stars|OneRepublic|257267
Recognise|Lost Frequencies|186062
Like I Love You|Lost Frequencies|190673
Don't Give Up On Me|Armin van Buuren|185212
Bromance - Avicii Remix|Tim Berg|150160
This Is What It Feels Like|Armin van Buuren|204360
If I Lose Myself - Alesso vs OneRepublic|OneRepublic|214067
Lions in the Wild|Martin Garrix|211890
Blame|Calvin Harris|212960
Lovers on the Sun (feat. Sam Martin)|David Guetta|203520
Broken Arrows|Avicii|232760
Red Lights|Tiësto|262200
Now That I've Found You|Martin Garrix|192632
I Could Be The One (Avicii Vs. Nicky Romero) - Radio Edit|Avicii|208316
Something New|Axwell /\ Ingrosso|247160
Alone, Pt. II|Alan Walker|179053
Family|The Chainsmokers|194827
All That She Wants|Campsite Dream|139405
Push My Luck|The Chainsmokers|181844
Some Say - Felix Jaehn Remix|Nea|186878
Here Comes The Sun|Campsite Dream|149795
Roses - Imanbek Remix|SAINt JHN|176840
Sad|Aivarask|175200
Safety (feat. DJ Snake)|GASHI|177781
Summer Lover (feat. Devin & Nile Rodgers)|Oliver Heldens|194481
We Got Love|Sigala|213041
Mr Todd Terry|Riton|167306
As Far as Feelings Go|Alle Farben|210827
Summer Fade (feat. Anna of the North)|Snakehips|204711
Loving Myself (feat. Raphaella)|Henri PFR|174051
Haloes|Ina Wroldsen|171344
Gotta Let Go|Hypanda|190093
Narcotic|Younotus|192387
Do You Mean (feat. Ty Dolla $ign & bülow)|The Chainsmokers|193176
My One (feat. Tory Lanez, Kranium & Dappy) (Todd Edwards Remix)|Wiley|191283
Be Someone|CamelPhat|204568
Do You Miss Me Much - Wookie Remix|Craig David|262507
Ghost|Au/Ra|177630
Stand By (feat. Rudimental) [#CWC19]|LORYN|189274
Acid Dreams|MAX|183930
Kills You Slowly|The Chainsmokers|213333
Don't Worry Bout Me - Alle Farben Remix|Zara Larsson|171914
Let Me Love You|Campsite Dream|191200
Spicy - with Diplo & Charli XCX|Herve Pagez|157867
Summer Lover (feat. Devin & Nile Rodgers) - Moguai Remix|Oliver Heldens|189875
Mistaken (feat. Alex Aris)|Martin Garrix|282481
Instagram - Dimitri Vegas & Like Mike VS Trobi Remix|Dimitri Vegas & Like Mike|144762
Do It Again|Steve Aoki|176129
Can We Pretend (feat. Cash Cash)|P!nk|224360
On My Way|Alan Walker|193798
Body 2 Body|MK|145574
Late Night Feelings - Jax Jones Midnight Snack Remix|Mark Ronson|228387
Shy Guy|Campsite Dream|186953
Late Night Feelings (feat. Lykke Li)|Mark Ronson|251029
No New Friends - Dombresky Remix|Sia|246720
I Can’t Get Enough (benny blanco, Selena Gomez, J Balvin, Tainy)|benny blanco|158027
Heaven Can Wait (feat. Sia, Diplo, and Labrinth)|Sia|195747
All My Friends (feat. Tinashe & Chance the Rapper)|Snakehips|229747
Dancing With A Stranger (with Normani)|Sam Smith|171030
Play|K-391|167977
Say You'll Be There|Campsite Dream|169500
Diamond Heart|Alan Walker|240333
Paris|The Chainsmokers|221520
Stole the Show|Kygo|223187
Lose Yourself to Dance|Daft Punk|353893
Say My Name|David Guetta|198947
Hold My Girl - Martin Jensen Remix|George Ezra|185345
Final Song|MØ|235827
Slow Down (with Calvin Harris)|Normani|205986
Cheerleader - Felix Jaehn Remix Radio Edit|OMI|180566
Born To Be Yours|Kygo|193321
Changes|Faul & Wad Ad|345173
No Diggity|Campsite Dream|188849
Never Forget You|Zara Larsson|213428
One Kiss (with Dua Lipa) - Oliver Heldens Remix|Calvin Harris|281267
Feels (feat. Pharrell Williams, Katy Perry & Big Sean)|Calvin Harris|223413
Praise You - Purple Disco Machine Remix|Fatboy Slim|230163
Back & Forth|MK|196215
Slide (feat. Frank Ocean & Migos)|Calvin Harris|230813
Get Lucky (feat. Pharrell Williams & Nile Rodgers) - Radio Edit|Daft Punk|248413
Giving Up (feat. Jaden Michaels)|QUIX|249987
17|MK|196489
Lullaby|Sigala|204022
Who Do You Love|The Chainsmokers|226747
Fire In My Soul|Oliver Heldens|175254
We Don't Talk|Wiktoria|178768
Love You Better|John De Sohn|170893
Top of the World - Erlandsson Remix|Vide|172500
The Rest Will Follow|Ludvigsson|162000
So It Goes|Caj Morgan|165938
Unbelievable|Andrew Roman|233143
Photograph|Ljung|212440
Faded|John De Sohn|158453
Only You|Hogland|182609
I Don't Know|Ericé|195429
Too Close|Ria Mae|147741
Hole in the Roof|AronChupa|170000
Nobody Else|Wahlstedt|179756
Dance Monkey|Skylike|192203
Free|JRL|164613
My Own Dance|Kesha|161178
Bigger Than|Justin Jesso|208013
I Got Eyes|John De Sohn|159693
Bleed|Haze & Mellow|172933
Hold on Tight|Sterkøl|168751
Once and for All|Moe Aly|195000
Fantasy|Laureano|203000
We Are the Young|Addal|176864
No Fear No More|Madeon|195107
Baianá|Bakermat|182187
Coming Home|TooManyLeftHands|186336
Boots|Greyson Chance|175628
Heading Home|Ludvigsson|189836
Somebody Out There|Lost Kings|218978
Better Half of Me - R3HAB Remix|Tom Walker|166013
Say It Again|AJ Mitchell|206930
You & I|TRXD|163077
Alive|henrikz|163842
Amsterdam|Frans|177761
Cross My Heart|Hogland|173810
what happened|jayover|176310
Ride It|Regard|157606
Somebody|Erlandsson|159423
Thinkin Bout You|Jonasu|151627
Summertime Love|Captain Cuts|143670
I Could Get Used To This|Martin Jensen|151126
LA & The Parties|Lost Kings|165685
Lovers + Strangers|Starley|178501
Too Close|Sterkøl|168019
Fallin'|Sick Individuals|209079
Tear Me Down (feat. Philip Rustad)|Davai|184500
Perspective|AMAANDA|148147
Cali Girl|Papa Ya|148163
Choir - Remix|Guy Sebastian|208520
Cut to the Chase|Roman Müller|153673
You Keep Calling|BAARD|199293
Motivation|Normani|193837
Like I Love You - Small Talk Remix|Theresa Rex|165111
Punching in the Dark|Hellberg|191760
One Thing Right|Marshmello|181824
Letting Go|Hogland|192089
Don't Leave Me Lonely - Purple Disco Machine Remix|Mark Ronson|215593
Hold On|Foxa|143415
With You|Lewka|137348
Try|Lost Kings|185119
A Dream Is A Wish Your Heart Makes|Vinil|199375
Lucky One (feat. ILY)|Tom Ferry|188000
Closer|Haze & Mellow|162117
Wannabe|Jonasu|187636
Sending Me You|henrikz|191509
Room for Two|Moe Aly|201612
Lost|End of the World|217493
Somebody|Closed Doors|181609
On A Roll|Ashley O|154448
I'm Not Alright|Loud Luxury|185062
Calma - Alan Walker Remix|Pedro Capó|193973
Bad Look|Charming Horses|157647
Here I Am (feat. Michael Shynes)|Le P|212655
Can't Say No (feat. PJZ)|Alex Mattson|159039
Somebody I'm Not|Davai|214627
Nobody To Love|Out Of Sound|155968
PAY ME BACK!|ILIRA|188200
Tusa|KAROL G|200960
+|Aitana|219367
everything i wanted|Billie Eilish|245426
En Tus Planes|David Bisbal|172147
Alocao (With Bad Gyal)|Omar Montes|209320
A Dónde Vamos|Morat|203102
Morado|J Balvin|200667
Yummy|Justin Bieber|210427
Que Tire Pa Lante|Daddy Yankee|210520
You should be sad|Halsey|205473
Pegamos Tela|Lérica|187940
Indeciso|Reik|217253
Zorra|Bad Gyal|186120
Loco Contigo (with J. Balvin & Ozuna feat. Nicky Jam, Natti Natasha, Darell & Sech) - REMIX|DJ Snake|341875
What A Man Gotta Do|Jonas Brothers|180645
China|Anuel AA|301714
Celébrate|Miki Núñez|219533
Rare|Selena Gomez|220590
Easy - Remix|Jhay Cortez|220147
Godzilla (feat. Juice WRLD)|Eminem|210800
Adicto (with Anuel AA & Ozuna)|Tainy|270741
Blanco|J Balvin|145800
Señorita|Shawn Mendes|190960
Que Calor (feat. J Balvin & El Alfa)|Major Lazer|169998
Memories|Maroon 5|189486
All I Want For Christmas Is You|Mariah Carey|242347
Qué Bonito Es Querer|Manuel Carrasco|270188
Revival|Gregory Porter|186989
Presiento|Morat|174380
Blinding Lights|The Weeknd|201573
Fuera De Mi Mente|Lérica|181433
Someone You Loved|Lewis Capaldi|182161
Hookah|Bad Gyal|179893
Bandit (with YoungBoy Never Broke Again)|Juice WRLD|189323
Me Equivocaré|Antonio José|152722
Lola Bunny|Lola Indigo|187263
Circles|Post Malone|214907
Me Quedo|Aitana|174433
LA CANCIÓN|J Balvin|242573
Déjate Querer|Lalo Ebratt|202824
Bésame|David Bisbal|200962
Nice To Meet Ya|Niall Horan|158805
Mejores Amigos|Yera|205369
Heartless|The Weeknd|200080
Push It On Me|Damien|164333
Con Calma|Daddy Yankee|193227
Bonita|Juanes|147493
LUNA|Lola Indigo|209362
Lover (Remix) [feat. Shawn Mendes]|Taylor Swift|221307
Santa María (Feat. Busy Signal)|Bad Gyal|154933
Runaway|Sebastian Yatra|200693
caronte|Alba Reche|189758
Lose You To Love Me|Selena Gomez|206459
Rebota - Remix|Guaynaa|262000
"Mucho más allá - De ""Frozen 2"""|David Bisbal|190467
Before You Go|Lewis Capaldi|215107
Mama No|Pablo López|170738
Soltera - Remix|Lunay|266087
nana triste|Natalia Lacunza|187016
Contando Lunares (feat. Cruz Cafuné)|Don Patricio|219667
Mambo No. 5 (A Little Bit of...)|Lou Bega|219333
Sandstorm - Radio Edit|Darude|225373
We like to Party! (Six Flags)|Vengaboys|224227
Coco Jamboo - Radio Version|Mr. President|218733
Blue (Da Ba Dee)|Eiffel 65|283748
Barbie Girl|Aqua|195040
What Is Love|Haddaway|270373
Scatman (ski-ba-bop-ba-dop-bop)|Scatman John|215973
Bailando - Video Edit|Paradisio|229627
Be My Lover|La Bouche|239747
The Riddle (Original Mix)|Gigi D'Agostino|287307
...Baby One More Time|Britney Spears|211067
Rhythm Is A Dancer - 12'' Version|SNAP!|316133
Another Night|Real McCoy|236871
Tubthumping|Chumbawamba|234133
All That She Wants - Remastered|Ace of Base|211213
The Rhythm Of The Night|Corona|264280
Macarena - Bayside Boys Remix|Los Del Rio|222027
Believe|Cher|239027
(You Drive Me) Crazy|Britney Spears|198093
The Sign|Ace of Base|189787
Will I Ever|Alice DJ|210147
Happy People (feat. Marky Mark)|Prince Ital Joe|238200
Sex On The Beach - Original Mix|T-Spoon|237293
When You Wish Upon A Star|The Mamas|183667
Lollipop (Candyman)|Aqua|215053
Rock My Heart - Radio Mix|Haddaway|250933
This Is Your Night|Amber|238160
The Other Side|Grace Gracie|183750
Gonna Make You Sweat (Everybody Dance Now)|C & C Music Factory|243800
Come and Get Your Love - Radio Edit|Real McCoy|194560
Children|Robert Miles|243267
Baby Baby|Corona|228013
Pump Up the Jam|Technotronic|214576
Waiting for Tonight|Jennifer Lopez|246507
Dreams (Will Come Alive)|2 Brothers On The 4th Floor|263163
Life - Radio Edit|Des'ree|189987
Wannabe|Spice Girls|173027
Ride Wit Me - Album Version (Edited)|Nelly|290373
We’re Going to Ibiza!|Vengaboys|216360
Sweet Dreams|La Bouche|204587
Back in My Life|Alice DJ|212493
Boom, Boom, Boom, Boom!!|Vengaboys|201840
More And More - Single Version|Captain Hollywood Project|253573
Generation Of Love|Masterboy|219240
Run Away|Real McCoy|244133
Call Me|Deee-Lite|230600
(You Drive Me) Crazy [The Stop Remix!] - Remastered|Britney Spears|197653
Beautiful Life|Ace of Base|219307
Celebration|Kylie Minogue|238747
Got to Get It|Culture Beat|321427
No More (I Can't Stand It)|Maxx|281933
Let the Dream Come True|DJ Bobo|241067
Let's Talk About Sex|Salt-N-Pepa|212747
Around The World|Aqua|209120
Gettin' Jiggy Wit It|Will Smith|227933
Cotton Eye Joe|Rednex|193827
Get A Way|Maxx|226773
I Give You My Heart|Mr. President|215067
Ice Ice Baby|Vanilla Ice|254467
Lost in Someone Else|Casey Derhak|237534
Hardcore Vibes|Dune|213240
Better Off Alone - Hitradio Mix|Alice Deejay|218493
Roses Are Red - Original Version|Aqua|222747
Think About The Way|Ice Mc|260973
Try Me Out|Corona|206880
Max Don´t Have Sex With Your Ex|E-Rotic|211040
I Want You Back - Radio Edit|*NSYNC|202107
Ecuador - Original Radio Edit|Sash!|212133
Saturday Night - Radio Edit|Whigfield|223910
Nessaja|Scooter|208450
Dub-I-Dub|Me & My|205000
Kernkraft 400|Zombie Nation|285173
Think of You - Radio Edit|Whigfield|243069
The Bomb (These Sounds Fall Into My Mind)|The Bucketheads|202934
Mr. Vain Recall - Radio Edit|Culture Beat|213413
Sweat (A La La La La Long)|Inner Circle|227067
U Got 2 Let The Music - Brescia Edit|Cappella|218907
Feel the heat of the night - Radio Edit|Masterboy|221840
Captain Jack - Short Mix|Captain Jack|248533
Dragostea Din Tei - Original Romanian Version|O-Zone|213461
Somebody Dance with Me|DJ Bobo|212893
Heaven (featuring Do)|DJ Sammy|235000
Around the World (La La La La La) - Radio Version|A Touch Of Class|215800
My Oh My|Aqua|204720
Go West - 2003 Remaster|Pet Shop Boys|304080
Sing Hallelujah!|Dr. Alban|240933
God Is a DJ|Faithless|208507
Vogue - Edit|Madonna|289560
The Launch - Radio Edit|DJ Jean|220360
Not over Yet - Perfecto Edit|Grace|458058
Never Alone|2 Brothers On The 4th Floor|252072
Rhythm Is A Dancer|SNAP!|332230
Up & Down|Vengaboys|241040
Scatman's World|Scatman John|225133
Mr. Vain|Culture Beat|336840
L'amour Toujours (Small Mix)|Gigi D'Agostino|242053
The Power|SNAP!|228994
Run To Me|Double You|237533
"Rhythm Is A Dancer - 7"" Edit"|SNAP!|225882
Not Today - Remix|Hillsong UNITED|219187
Every Little Thing|Hillsong Young & Free|202893
I Believe|Youngheart|220200
Come To Life|Neon Feather|178733
Neighbour|Verses|242267
Close (feat. Steven Furtick)|Tauren Wells|168000
Nobody|Local Sound|187693
Up Again (Lucky Rose Remix)|Dan Bremnes|170948
This Place|Logan Pollard|183000
Letting Go|Verses|222160
I just need U. - Tide Electric Remix|TobyMac|207493
Through People Like Me - Chris Howland Remix|Mass Anthem|207600
Glorious Day - Remix|Passion|257947
Victory (Remix)|Highlands Worship|213723
Reckless Love|Verses|227267
Gravity|Elizabeth Grace|202710
Paradise|Matthew Parker|227080
Circles|Rachael Nemiroff|230904
More Of You|Hillsong Young & Free|214867
Without Your Love|York Worship|236380
Burn The Ships (R3HAB Remix)|for KING & COUNTRY|146020
How You Love|Marci Coleman|237097
Ain't No Grave|Bryan Boliver|208615
Fall to My Knees|Marshall Marshall|198800
Only Ever|Alive City|201041
God Only Knows (GATTÜSO Remix)|for KING & COUNTRY|198371
We Dance|Bright Ones|234774
All In (CB Remix)|Heather Schnoor|187966
Hold On|Verses|234885
On The Way Up 2.0|Apollo LTD|196400
Overboard (Doug Weier Remix)|Manafest|244158
Electric|Influence Music|214038
Love Me Like You - TYE Remix|The Young Escape|203000
Grateful (Neon Feather Remix)|Cade Thompson|142723
Nobody|Bryan Boliver|253263
Scars (Come With Livin') - Neon Feather Remix|TobyMac|243240
I'm Yours|Influencers Worship|205280
You Tell Me|Youngheart|180600
Amazing Grace - HGHTS Remix|Hyper Fenton|160776
Streams|Austin & Lindsey Adamec|240995
Heaven On Earth|Stars Go Dim|178680
joy.|for KING & COUNTRY|233947
On Top of the World (Remix)|Citipointe Live|212963
Mirage|Platon Emil|213411
100 (feat. Dawn Elektra)|Galactus Jack|203304
Unshakable Love|Elevation Youth|192365
Chasing Me|Long Hollow Wave|225273
WILD LOVE|ELEVATION RHYTHM|167500
Heaven On Earth - Radio Single|Planetshakers|225857
Let Go|Hillsong Young & Free|231280
Your Love (HGHTS Remix)|Chris Howland|237710
Peace|Canyon Hills Worship|195493
Everything and More (feat. Aaron Cole)|Hollyn|197000
Open Over Us (Live)|Meredith Andrews|452389
Love Won't Let Me Down|Hillsong Young & Free|205730
Before the Start|Newday|288012
Good Life|The Young Escape|185427
Higher Than Mine|SEU Worship|185062
Fight for Me|GAWVI|203058
You Are My Revival - Remix|Long Hollow Wave|184000
Tick|Happi|165015
Feel so Alive|Amplify Worship|201507
Higher - HYMN Remix|For All Seasons|206228
Human (Matthew Parker Remix)|Holly Starr|245114
So Good|Jabin Chavez|231982
So Much More - Remix|Northwood Worship|240157
Light the Way- Single (feat. Nozomi)|Brandon Seibert|210967
Lavish|WYLD|204600
Where Would I Be - Remix|Heart Youth|194198
Edge Of My Seat - THUNDERBIRD Remix|TobyMac|179773
Heaven Is Here|Influencers Worship|255277
Brave|The Vicious Vic|212970
The Reason (Sean Cook Remix)|Urban Rescue|181905
Just As I Am|Marshall Marshall|195000
Walk On Water|Nadia Grace|208226
Dance Monkey|Tones and I|209438
Deeper Love|Covenants|146557
About Me - Brieuc, Cloud 41 & Lowkie Club Mix|Argui|175591
Leave The Light On|ReauBeau|178235
Kuama|Gregor Potter|190080
One Life - VIP Mix|DJ MEG|201500
Feelings|FUNKYBEAT|187115
Night Drive|Rubayne|178286
Energia|Tim Hox|204772
About Me|Argui|186290
Yourself|IIWII|154839
Oh Baby|Martin Mix|160000
Talk About It|Bancali|248727
You Don't Know Me (feat. Duane Harden) - Radio Edit|Armand Van Helden|200787
One Life|DJ MEG|196777
Somebody|Venomenal|208809
Criminal|Noah Neiman|207000
Is This Love|Venomenal|184225
Flashback|Tim van Werd|171589
Good Omen|Ortzy|223636
Time|Brieuc|205938
Come Over|Noah Neiman|223687
Anastasy|TheLavish|201509
Ego - Domastic Remix|Rich Edwards|187500
If|eSQUIRE|236129
Give In To You|Matt Strike|174545
Next To Me|Olmos|189358
Cut You Loose|ReauBeau|155586
G+O|WHYLO|160941
Something|Funk Machine|171000
The Weekend|REK|168300
Right For Ya|Prince Paris|158400
I Refuse|Matt Strike|200727
Firefly|Olmos|204112
Changes|Steve Hartz|203571
Love's Not Fading|Julian Calor|214857
Closure|Snareskin|180332
Bring You Home|The Partysquad|187200
Black & Blue|VIVID|212364
Unforgettable|Aerreo|221935
Madness|Matt Strike|202105
Love Me Away|Junior J|167288
Superficial Love|Karim Mika|232500
Tell Me|Rich Edwards|204667
Middlefingers|Tom & Jame|196500
Like You|Anthony Dircson|164000
Find You|Charming Horses|174000
SO AM I|WHYLO|183528
Walk Away - Rich Edwards Remix|Sick Individuals|147464
Walk Away - Melio Remix|Sick Individuals|195857
Love Again|Matt Strike|228265
Ego|Rich Edwards|193714
Take Me|Steve Hartz|172569
Fixated|ORACLES|219813
On Replay|Costa Leon|171639
Try Again (feat. A7S)|Tungevaag & Raaban|179552
Morninglight - Main Circus Deep Mix|Team Deep|251590
Aura - Edit|Avoure|268232
Everyday|Eddie Thoneick|302510
Head Over Heels - James Roe Remix|Sultan + Shepard|184003
What's It Gonna Be|Venomenal|184639
Summer Air (feat. Trevor Guthrie)|Hardwell|201905
I Know|Pierce Fulton|300000
Someone New|Quentyn|182143
Aftermath|Kydus|247984
Visions|Lane 8|261120
Switch|Afrojack|173340
Spiritual (Mriya) [feat. Brooke Tomlinson]|Curbi|198750
Wrong for Me|Otherwise Fine|211107
Take Me Away|Calippo|201120
Pretender|Wolves By Night|190820
Love Me - Felix Cartal's Chill Mix|Felix Cartal|221901
Tell Me Why|Duskus|218182
Dancing By Yourself|Junior Sanchez|185041
Hurt U|EAUXMAR|187368
It Ain't Over|Funk Machine|183375
Shadows (feat. Veronica)|Adam K|182034
Preach|Watermät|181940
Found Me (feat. Maria Hazell)|The Him|192821
We Are The Greatest|Keanu Silva|185064
Pick You Up (feat. Penny F)|Redondo|199750
Wonder - Extended|Linier|234675
Skin - Rinzen Remix|Kidnap|450000
Know Love - OTR Remix|RKCB|192500
Nomite - Passenger 10 Remix Edit|Horisone|222581
Nothin' to Compare|Who|169696
Follow Me (feat. NBLM) - Redondo & Gil Glaze Remix|Bolier|214839
As I Sleep (feat. Charlee) [BODÉ Remix] - Club Mix|Tobtok|280826
You & I|Mercer|196171
Over - Zonderling Edit|Dannic|180462
Simple Hit|Dombresky|219715
Sounds Good To Me - Gerd Janson Remix|Hanne Mjøen|192645
Young|Brieuc|199159
Smile|Prince Paris|221549
Crazy For Your Love|Radiology|150391
Symphony - Acoustic Mix|Sick Individuals|211996
留学生|Monkey Majik|214773
Body Language|INTERSECTION|220088
HONEY|RIRI|186703
真っ赤な太陽|RAMMELLS|181187
In This Place - Kizuna Version|Thelma Aoyama|180600
Stereo|LOZAREENA|238547
ひとりの夜を抜け|Lucky Kilimanjaro|181589
JOYRIDE (#SorryNotSorry pt.2)|BananaLemon|216991
ONE THING feat. SALU (BABY-T Remix)|I Don't Like Mondays.|204590
Rain|KEN THE 390|232222
スパゲッティー|AYA A.K.A PANDA|183824
Fever|YOSA & TAAR|236308
ガリレオ・ガール|NONA REEVES|191947
FAKE|ASOBOiSM|179272
Mi Body Good|Akane|142895
Cruisin'|Shin Sakiura|193341
Drop Top|MaisonDe|175773
Break up|Taichi Mukai|276053
AMOR|BoA|233965
Make A Move|EMMA WAHLIN|189147
Limousine|DJ PIGER|193783
Too Fragile|CIRRRCLE|156682
Violeta|IZ*ONE|200913
달라달라 DALLA DALLA|ITZY|199874
Never Grow Up|CHANMINA|196253
Ooo!|EXILE SHOKICHI|180773
Flame of Love|Reiji Kawaguchi|185187
Beautiful - 3onderboy remix|BananaLemon|243565
Famous|TAEMIN|180187
TURN|TaeyoungBoy|169796
Boy Meets Girl|Rude-α|236317
Sakura|DEAN FUJIOKA|241685
Breakthrough|TWICE|217651
DOWN BY LAW|THE RAMPAGE from EXILE TRIBE|201733
Dream ship|DJ RYOW|183093
MIROH|Stray Kids|207617
Let Me Love You|FlowBack|204760
more|AmPm|292767
The Lights, The Nights - Strobe Ver.|Unwork|226909
MAKUAKE PARKGOLF remix|eill|225694
Sexy my lady|RIKE|168118
Lullaby|Sigala|203569
MI NUH FRAID (Extravaganza Riddim)|ramhead|159214
WILD|Shuta Sueyoshi|208627
Overflow(変身)|YonYon|240988
Woman We Are|Dream Shizuka|195558
Kill This Love|BLACKPINK|189040
Free! Free! Free!|竹内アンナ|231933
Days Gone By|ANIMAL HACK|197400
Your Best American Girl|Mitski|212184
Dancing On My Own|Robyn|285973
Seasons (Waiting On You)|Future Islands|226440
Two Weeks|FKA twigs|247547
Video Games - Remastered|Lana Del Rey|281947
Queen|Perfume Genius|230720
Pink + White|Frank Ocean|184516
Genesis|Grimes|255320
Let It Happen|Tame Impala|467587
I Know There's Gonna Be (Good Times) [feat. Popcaan]|Young Thug|213622
Your Dog|Soccer Mommy|194009
Hannah Hunt|Vampire Weekend|237973
Norf Norf|Vince Staples|183160
Royals|Lorde|190185
Holocene|Bon Iver|336613
Shut Up Kiss Me|Angel Olsen|202200
GLOWED UP|KAYTRANADA|298027
BTSTU (Edit)|Jai Paul|210001
Midnight City|M83|241440
Borrowed Time|Parquet Courts|152040
Them Changes|Thundercat|188385
Pretty Pimpin|Kurt Vile|298760
The Morning|The Weeknd|312427
Should Have Known Better|Sufjan Stevens|307698
Old Friends|Pinegrove|207720
Close Your Eyes (And Count To Fuck)|Run The Jewels|234160
Sprawl II (Mountains Beyond Mountains)|Arcade Fire|325547
Bags|Clairo|260520
Avant Gardener|Courtney Barnett|312227
Retrograde|James Blake|223600
Zebra|Beach House|288720
Red Eyes|The War On Drugs|298920
On Hold|The xx|224133
Diddy Bop (feat. Cam O'bi & Raury)|Noname|208000
17|Youth Lagoon|236000
Ode to Viceroy|Mac DeMarco|233818
Don't Touch My Hair|Solange|257547
Helplessness Blues|Fleet Foxes|303387
Sound & Color|Alabama Shakes|182467
Wildfire|SBTRKT|201000
Bloodbuzz Ohio|The National|275933
Pristine|Snail Mail|295333
Girl|The Internet|415613
Feels Like We Only Go Backwards|Tame Impala|192960
So Good At Being in Trouble|Unknown Mortal Orchestra|230147
Alaska|Maggie Rogers|188000
I Don't Wanna Be Funny Anymore|Lucy Dacus|163292
See You Again (feat. Kali Uchis)|Tyler, The Creator|180387
Odessa|Caribou|315585
Don't Wanna Be Your Girl|Wet|197280
raingurl|Yaeji|237231
All My Happiness is Gone|Purple Mountains|260280
I Follow Rivers|Lykke Li|228467
Only Child|Tierra Whack|239324
22 (OVER S∞∞N)|Bon Iver|168000
Chateau Lobby #4 (in C for Two Virgins)|Father John Misty|170840
Loving Is Easy|Rex Orange County|155720
(No One Knows Me) Like the Piano|Sampha|218160
Motion Sickness|Phoebe Bridgers|229760
Hey Moon|John Maus|248707
You're Not Good Enough|Blood Orange|261360
Every Time the Sun Comes Up|Sharon Van Etten|262520
Open Eye Signal|Jon Hopkins|468587
Kaputt|Destroyer|377973
Drunk Drivers/Killer Whales|Car Seat Headrest|374653
Grown Up|Danny Brown|139931
Love It If We Made It|The 1975|252926
Chum|Earl Sweatshirt|243773
Round And Round|Ariel Pink|308680
Road Head|Japanese Breakfast|195107
Never Catch Me|Flying Lotus|234487
Helicopter|Deerhunter|298173
I'm Not Part of Me|Cloud Nothings|275309
Territory|The Blaze|276373
Downtown|Majical Cloudz|249063
Goodie Bag|Still Woozy|146390
Airplanes|Local Natives|237933
Kill V. Maim|Grimes|246007
Nobody|Mitski|193429
No Woman|Whitney|237973
Coffee|Sylvan Esso|269693
Loud Places|Jamie xx|283067
Riding For The Feeling|Bill Callahan|365747
Cruel|St. Vincent|214987
Thinkin Bout You|Frank Ocean|200747
Antidote|Orion Sun|169756
Get Got|Death Grips|171867
The Wire|HAIM|245293
Rill Rill|Sleigh Bells|229893
Not|Big Thief|367093
The Mother We Share|CHVRCHES|191294
Archie, Marry Me|Alvvays|196560
Mi Mujer|Nicolas Jaar|411125
Lo Que Siento|Cuco|312000
Damn That Valley|U.S. Girls|190387
The Words That Maketh Murder|PJ Harvey|225840
Lucky|Choker|251034
Fineshrine|Purity Ring|209760
Busy Earnin'|Jungle|181773
Rare|Selena Gomez|220590
Señorita|Shawn Mendes|190800
The Victory - Reloaded|Deborah Dworshipper|237400
Finally // beautiful stranger|Halsey|221096
One Thing Right - Koni Remix|Marshmello|148986
Lines|Keo Nozari|233398
Summer of Love|Lou Ella|242048
Berlin|Tom Goss|241853
Dreams|Keo Nozari|237255
Help|Saint Mars|185792
Where Are You|Adil C|165921
Closure|Nick Hames|208457
Okay.|Bailey Crego|199800
Adore You|Harry Styles|207133
Me & You|Chip Conyard|173636
Never Enough|Blair Woods|195683
I Feel Love|Sam Smith|254453
Down|Melissa Crispo|252684
Alone Tonight|Maxwell Luke|188788
Happy You Came Around|Amber Ryann|205659
Wanting More|Kat Holland|213913
Torturing Myself|Lauren Presley|179500
Wait for Me|CTZNJ|199793
Like It or Not|Ksenia|179277
Special|Kevlah|191000
Gone From Here - Original Mix|Maml|267136
HITHER|Downlowd|252263
I've Changed|Asher Knight|215448
Do It for the Photos|Two Neighbors|150813
If I Loved You|Royse|214437
Behold!|Seven Lights|271849
Nobody Else - Radio Edit|Scriss|212056
Senses|KINGDØMS|237026
Anyway feat. Jafro & Renz|Plastician|133000
Tell Me It's Over|Guy Tang|170400
Heart Beats Fast. (Xander Milne Remix)|Eivind Husebø|286000
Different Ways|Natixx|266788
Maillot de bain|Modhayan|215410
Knowing|Davina Leone|61385
Fantasy|TYFI|188875
Cheap Thrills|Sia|211667
Problem|Ariana Grande|193920
Firestone (feat. Conrad Sewell)|Kygo|270787
Dead Types|Don Mills|213913
Havana|Camila Cabello|216897
Work from Home (feat. Ty Dolla $ign)|Fifth Harmony|214480
Slide (feat. Frank Ocean & Migos)|Calvin Harris|230813
"CAN'T STOP THE FEELING! (Original Song from DreamWorks Animation's ""TROLLS"")"|Justin Timberlake|236002
Faded|Alan Walker|212627
A Long Time|Shannon K|164684
Someone Like You|Adele|285240
Something Just Like This|The Chainsmokers|247627
Shape of You|Ed Sheeran|233713
Swish|Josh Stanley|121482
Hold Up|Beyoncé|221093
Chandelier|Sia|216120
Thraa|Doje|194715
Instant Crush|Daft Punk|337560
Yellow Hearts|Ant Saunders|223258
Sass Cafe|Josh Stanley|160800
Pumped Up Kicks|Foster The People|239600
We Can't Stop|Miley Cyrus|231240
Sweet Dreams|The FifthGuys|210750
All of Me|John Legend|269560
Cry for Me|Camila Cabello|189133
Sweet Nothing (feat. Florence Welch)|Calvin Harris|212560
ANTHEM|Connor Bvrns|161800
Ex's & Oh's|Elle King|202173
Rich Boy|Josh Stanley|170400
Don't Let Me Down|The Chainsmokers|208373
Locked Away|R. City|227480
Happy|ØMG|160320
Sunday Best|Surfaces|158571
Lush Life|Zara Larsson|201122
Over and Done|Joanna Crass|182550
Uptown Funk|Mark Ronson|269667
Beyond the Sky|ØMG|155520
Halo|Beyoncé|261640
Wild Thoughts|DJ Khaled|204664
Girl On Fire|Alicia Keys|224920
Tus Juegos|Pochin Mirkin|181156
Liar|Camila Cabello|207039
Wake Me Up - Radio Edit|Avicii|247427
Rude|MAGIC!|224840
Nothing|Paul Butcher|182426
Just Give Me a Reason (feat. Nate Ruess)|P!nk|242733
Still Don't Know My Name|Labrinth|153294
All About That Bass|Meghan Trainor|187920
Story of My Life|One Direction|245493
New Rules|Dua Lipa|209320
Timber (feat. Ke$ha)|Pitbull|204160
On & On - Mixed|MØ|210559
Dusk Till Dawn - Radio Edit|ZAYN|239000
Impossible|James Arthur|209440
Find U Again (feat. Camila Cabello)|Mark Ronson|176417
Lost|Chris Linton|196129
Run the World (Girls)|Beyoncé|236093
Love Lies (with Normani)|Khalid|201707
Set Fire to the Rain|Adele|242974
Kill My Mind|Louis Tomlinson|220930
PILLOWTALK|ZAYN|202747
TiK ToK|Kesha|199693
New Light|John Mayer|216015
So What|P!nk|215160
Nothing Breaks Like a Heart (feat. Miley Cyrus)|Mark Ronson|217467
The Greatest|Sia|210227
Say Something|A Great Big World|229400
Five More Hours - Deorro x Chris Brown|Deorro|211975
Malibu|Miley Cyrus|231906
I'm the One|DJ Khaled|288877
Hey, Soul Sister|Train|216667
Mirrors|Justin Timberlake|484147
Silence|Marshmello|180823
Better|Khalid|229413
Treat You Better|Shawn Mendes|187973
NO|Meghan Trainor|213507
Radioactive|Imagine Dragons|186813
What About Us|P!nk|271520
Budapest|George Ezra|200720
Cold Water (feat. Justin Bieber & MØ)|Major Lazer|185352
Payphone|Maroon 5|231173
Say You Won't Let Go|James Arthur|211240
Attention|Charlie Puth|211475
Good Thing (with Kehlani)|Zedd|210901
God Is A Dancer|Tiësto|168125
Supalonely|BENEE|223480
Breathe|Herb Barclay|235900
Sad (feat. Afrojack) - SLVR Remix|Chico Rose|163125
Mamma Mia|Tokyo Tav|172810
Coke & Henny Pt. 2|Pink Sweat$|157334
Without No Fear|Urchin|287581
Speechless|Dan + Shay|213387
Dance Monkey|Tones and I|209755
Lose You To Love Me|Selena Gomez|206459
Memories|Maroon 5|189486
Circles|Post Malone|215280
Don't Start Now|Dua Lipa|183290
HIGHEST IN THE ROOM|Travis Scott|175721
Someone You Loved|Lewis Capaldi|182161
Señorita|Shawn Mendes|190800
hot girl bummer|blackbear|185093
RITMO (Bad Boys For Life)|The Black Eyed Peas|221714
Follow God|Kanye West|104591
10,000 Hours (with Justin Bieber)|Dan + Shay|167693
Ride It|Regard|157606
Beautiful People (feat. Khalid)|Ed Sheeran|197867
ROXANNE|Arizona Zervas|163636
Look At Her Now|Selena Gomez|162596
How Do You Sleep?|Sam Smith|202205
Lights Up|Harry Styles|172227
bad guy|Billie Eilish|194088
Bandit (with YoungBoy Never Broke Again)|Juice WRLD|189323
China|Anuel AA|301714
Trampoline (with ZAYN)|SHAED|184280
South of the Border (feat. Camila Cabello & Cardi B)|Ed Sheeran|204467
Liar|Camila Cabello|207039
Goodbyes (Feat. Young Thug)|Post Malone|174960
I Don't Care (with Justin Bieber)|Ed Sheeran|219947
Lalala|Y2K|160627
Sunflower - Spider-Man: Into the Spider-Verse|Post Malone|157560
Hot (Remix) [feat. Gunna and Travis Scott]|Young Thug|279907
Good as Hell (feat. Ariana Grande) - Remix|Lizzo|159011
Adicto (with Anuel AA & Ozuna)|Tainy|270741
Ransom|Lil Tecca|131240
LA CANCIÓN|J Balvin|242573
It's You|Ali Gatie|212607
Graveyard|Halsey|181806
Callaita|Bad Bunny|250534
Panini|Lil Nas X|114893
Bad To You (with Normani & Nicki Minaj)|Ariana Grande|171840
Take What You Want (feat. Ozzy Osbourne & Travis Scott)|Post Malone|229573
Lose Control|MEDUZA|168387
No Me Conoce - Remix|Jhay Cortez|309120
Fantasias|Rauw Alejandro|199711
Takeaway (feat. Lennon Stella)|The Chainsmokers|209893
Loco Contigo (feat. J. Balvin & Tyga)|DJ Snake|185195
223's (feat. 9lokknine)|YNW Melly|176640
Stuck In A Dream (feat. Gunna)|Lil Mosey|123560
Si Te Vas|Sech|204907
Que Tire Pa Lante|Daddy Yankee|210520
Old Town Road - Remix|Lil Nas X|157067
Yo x Ti, Tu x Mi|ROSALÍA|201040
Circles|Post Malone|214907
Dance Monkey|Tones and I|209755
Good Thing (with Kehlani)|Zedd|210901
Trigger|Major Lazer|171987
Nice To Meet Ya|Niall Horan|158805
Make It Right (feat. Lauv)|BTS|226321
Lonely (with Jonas Brothers)|Diplo|139813
Easy|Camila Cabello|194686
Harleys In Hawaii|Katy Perry|185815
Motivation|Normani|193837
Beautiful People (feat. Khalid)|Ed Sheeran|197867
Feelings|Lauv|189613
Bruises|Lewis Capaldi|220492
July|Noah Cyrus|156107
Heartless (feat. Morgan Wallen)|Diplo|169227
Panini|Lil Nas X|114893
I.F.L.Y.|Bazzi|165714
Orphans|Coldplay|197533
What Am I|Why Don't We|184665
Teeth|5 Seconds of Summer|204887
Outnumbered|Dermot Kennedy|245700
Playing Games (with Bryson Tiller) - Extended Version|Summer Walker|143227
No Sleep (feat. Bonn)|Martin Garrix|207095
"Carry On (from the Original Motion Picture ""POKÉMON Detective Pikachu"")"|Kygo|215316
Piece Of Your Heart|MEDUZA|152913
Better When You're Gone|David Guetta|192402
Obsessed|Dynoro|209933
Mistaken (feat. Alex Aris)|Martin Garrix|282481
Here With Me|Marshmello|156347
Dancin (feat. Luvli) - Krono Remix|Aaron Smith|198053
Bones (feat. OneRepublic)|Galantis|205793
Happy Now|Kygo|211362
All Day And Night - Jax Jones & Martin Solveig Present Europa|Jax Jones|169303
Heaven|Avicii|277262
Who's Got Your Love|Cheat Codes|157000
Happier|Marshmello|214290
Think About You|Kygo|208567
Brave|Don Diablo|184027
High On Life (feat. Bonn)|Martin Garrix|230762
All Around The World (La La La)|R3HAB|147840
Speechless (feat. Erika Sirola)|Robin Schulz|214942
Fire In My Soul|Oliver Heldens|175254
Remember (with ZOHARA)|Gryffin|221693
Electricity (with Dua Lipa)|Silk City|238173
One Touch (with ‪Jess Glynne)|Jess Glynne|197747
No More (feat. Brenda Mullen) - Bottai Edit|Alex Gaudino|200640
So Close|NOTD|190302
Giant (with Rag'n'Bone Man)|Calvin Harris|229184
Cry for Me|Camila Cabello|189133
fuck, i'm lonely (with Anne-Marie) - from “13 Reasons Why: Season 3”|Lauv|198973
Love You Like A Love Song|Selena Gomez & The Scene|188453
Right Now|Nick Jonas|201680
Work from Home (feat. Ty Dolla $ign)|Fifth Harmony|214480
Sucker|Jonas Brothers|181027
Sorry Not Sorry|Demi Lovato|203760
None Of My Business|Cher Lloyd|184005
Beautiful Soul|Jesse McCartney|214227
Ready or Not|Bridgit Mendler|200947
All I Ever Need|Austin Mahone|213747
Underwater|Cody Simpson|208960
Slide Away|Miley Cyrus|233654
Too Little Too Late - 2018|JoJo|223533
Feeling So Good|Ashley Tisdale|187160
He Could Be the One|Hannah Montana|180800
"Strut - From ""The Cheetah Girls 2"""|The Cheetah Girls|198360
L.A. Boyz|Victorious Cast|179600
No Air (feat. Chris Brown)|Jordin Sparks|264373
"Flashlight - From ""Pitch Perfect 2"" Soundtrack"|Jessie J|208667
Come Clean|Hilary Duff|214560
Hurts Like Hell (feat. Offset)|Madison Beer|207109
Stronger (What Doesn't Kill You)|Kelly Clarkson|221947
Say OK|Vanessa Hudgens|221867
shut up|Greyson Chance|170364
Boyfriend|Big Time Rush|201040
Secret Love Song (feat. Jason Derulo)|Little Mix|249813
Tonight Tonight|Hot Chelle Rae|200467
Glad You Came|The Wanted|197936
Missing You|The Vamps|214987
Hero|Christopher Wilde|196893
Replay|Zendaya|209187
Stay My Baby|Miranda Cosgrove|185067
Don't Let It Break Your Heart - Single Edit|Louis Tomlinson|196160
Potential Breakup Song|Aly & AJ|219773
Cake By The Ocean|DNCE|219147
TiK ToK|Kesha|199693
Sue Me|Sabrina Carpenter|179227
Live Forever (With Cheat Codes)|Liam Payne|174780
Call Me Maybe|Carly Rae Jepsen|193400
Rare|Selena Gomez|220590
Story of My Life|One Direction|245493
Do It Again|Pia Mia|207747
When I Grow Up|The Pussycat Dolls|245680
Make You Believe|Lucy Hale|211667
Total Eclipse Of The Heart (Glee Cast Version) (feat. Jonathan Groff)|Glee Cast|264493
like that|Bea Miller|185547
Classic|MKTO|175427
Truth Or Dare|Emily Osment|182480
Love Me Less (feat. Quinn XCII)|MAX|177670
Dusk Till Dawn - Radio Edit|ZAYN|239000
Dear No One|Tori Kelly|197847
Complicated|Avril Lavigne|244507
Can I Have This Dance - Original Version|High School Musical Cast|243773
Let Me Go (with Alesso, Florida Georgia Line & watt)|Hailee Steinfeld|174800
Let You Love Me|Rita Ora|191120
I Won't Give Up|Christina Grimmie|209880
Never Really Over|Katy Perry|223523
Out Of Love|Alessia Cara|227693
Easier|5 Seconds of Summer|157493
Higher|The Saturdays|207613
Big Girls Don't Cry (Personal)|Fergie|268120
Crush|David Archuleta|213520
On My Own|Austin Moon|145413
"It's Party Time (From ""Hotel Transylvania 3"")"|Joe Jonas|149158
What A Time (feat. Niall Horan)|Julia Michaels|173307
All About Tonight|Pixie Lott|186173
My Oh My (feat. DaBaby)|Camila Cabello|170746
Toxic|Britney Spears|198800
Me And My Broken Heart|Rixton|193733
What's My Name|China Anne McClain|190720
Demi Lovato Medley|Cimorelli|267153
Phases|PRETTYMUCH|215760
History|Olivia Holt|203992
Outside Looking In|Jordan Pruitt|159467
Up|Olly Murs|224293
Like I'm Gonna Lose You (feat. John Legend)|Meghan Trainor|225053
Yummy|Justin Bieber|210427
Ruin My Life|Zara Larsson|190932
Let's Make This Last 4Ever|Mitchel Musso|192173
Insomnia|Daya|179746
Bleeding Love|Leona Lewis|262467
In My Blood|The Veronicas|200480
No One Compares To You|Jack & Jack|182920
I'm a Mess|Bebe Rexha|195519
Push It to the Limit|Corbin Bleu|196960
Acapella|Karmin|198907
Don't Hold Your Breath|Nicole Scherzinger|197440
So Close|Jennette McCurdy|229240
I Luv U (with R3HAB)|Sofia Carson|150938
Pretty Girl - Cheat Codes X CADE Remix|Maggie Lindemann|193613
A Thousand Years|Christina Perri|285120
Rumors|Lindsay Lohan|196307
Ghost Town|Adam Lambert|208330
Who I Am|Nick Jonas & The Administration|245573
Hate How Much I Love You|Conor Maynard|175898
Swalla (feat. Nicki Minaj & Ty Dolla $ign)|Jason Derulo|216409
Not Your Birthday|Allstar Weekend|205520
Gold|Victoria Justice|193653
Slow Dance|AJ Mitchell|178800
Like I Did|Shane Harper|191087
"Determinate - From ""Lemonade Mouth"""|Adam Hicks|198107
"Take On the World - Theme Song From ""Girl Meets World"""|Rowan Blanchard|192640
Chillin' Like a Villain|Sofia Carson|193792
"Keep It Undercover - Theme Song From ""K.C. Undercover"""|Zendaya|156693
"Time of Our Lives - Main Title Theme From ""I Didn't Do It"""|Olivia Holt|150507
Who Says|Selena Gomez & The Scene|195613
Tell Me Something I Don't Know - Soundtrack|Selena Gomez|201427
Calling All the Monsters|China Anne McClain|206676
Magic|Selena Gomez|169733
Boombox|Laura Marano|196303
Black Magic|Little Mix|211773
Mmm Yeah (feat. Pitbull)|Austin Mahone|231625
La Bella y La Bestia|Bely Basarte|149000
Esperándola sin más|Ignasi Vidal|194533
Por fin ya veo la luz|Carmen López|224227
Cuando mi vida va a comenzar|Carmen López|152333
El Ritmo De La Selva|Fernando García Baró|184920
Pobres almas sin sol|Helen Quiroga|289947
"Parte De Tu Mundo - De ""La Sirenita""/Banda Sonora Original"|María Caneda|192013
Canción del encantamiento|Carmen López|54453
La Bella Y La Bestia|Marta Martorell|163840
Qué hay más allá|María Parrado|163387
Fire|"Matthew ""Mdot"" Finley"|182227
Can't Back Down|Demi Lovato|199907
"It's On - From ""Camp Rock 2: The Final Jam"""|Demi Lovato|243173
Wouldn't Change a Thing|Demi Lovato|205040
Introducing Me|Nick Jonas|187627
This is Our Song|Demi Lovato|178333
We Rock|Cast Of Camp Rock|192160
Play My Music|Jonas Brothers|197463
Gotta Find You|Joe Jonas|241867
This Is Me|Demi Lovato|189173
Here I Am|Renee Sandstrom|225760
What it Takes|Aaryn Doyle|161920
Dynamite|China Anne McClain|162960
Something About the Sunshine|Anna Margaret|187507
Stuck On You|Nick Strand|158467
Down Low|Astrid S|202007
Favorite Part Of Me|Astrid S|198391
Years|Astrid S|190268
Some Say|Nea|175602
All For Love|Tungevaag & Raaban|180485
Boys Like You|Anna Clendening|187349
Slow Dance (feat. Ava Max)|AJ Mitchell|178800
Why Do You Love Me|Charlotte Lawrence|171908
Home with You|Madison Beer|190576
Dear Society|Madison Beer|179577
All Day And Night|Jax Jones|169467
All For Love|Madison Beer|203680
Dead|Madison Beer|194827
Sidelove|Astrid S|172154
everything i wanted|Billie Eilish|245426
Doing To Me|Astrid S|190098
Young And Beautiful|Lana Del Rey|236053
Dance Monkey|Tones and I|209438
The Kids Are Coming|Tones and I|204521
Never Seen The Rain|Tones and I|200742
Johnny Run Away|Tones and I|192346
Jimmy|Tones and I|223620
Say It to My Face|Madison Beer|189695
If The World Was Ending (feat. Julia Michaels)|JP Saxe|208687
Colourblind|Tones and I|206094
Easy|Camila Cabello|194686
Trampoline|SHAED|184280
Liar|Camila Cabello|207039
OK (Anxiety Anthem)|Mabel|216547
Shameless|Camila Cabello|219742
Up All Night|Khalid|157220
Someone New|Astrid S|176618
Ready|Alessia Cara|178747
It's You|Ali Gatie|212607
Feelings|Lauv|189613
Lonely|Noah Cyrus|144387
Jesus In LA|Alec Benjamin|172606
Haloes|Ina Wroldsen|171344
Torn|Ava Max|198006
Salt|Ava Max|180283
Freaking Me Out|Ava Max|192456
Sweet but Psycho|Ava Max|187436
So Am I|Ava Max|183027
My Way|Ava Max|141598
Slow Dance (feat. Ava Max) - Sam Feldt Remix|AJ Mitchell|193548
Takeaway|The Chainsmokers|209880
Before You Go|Lewis Capaldi|215107
fuck, i'm lonely (with Anne-Marie) - from “13 Reasons Why: Season 3”|Lauv|198973
Daylight|Matt and Kim|171333
Unwritten|Natasha Bedingfield|259333
I Need Your Love (feat. Ellie Goulding)|Calvin Harris|234507
Burn|Ellie Goulding|231212
Applause|Lady Gaga|212333
Judas|Lady Gaga|249067
Ratchet|DJ White Shadow|241739
Run the World (Girls)|Beyoncé|236093
Wake Me Up|Avicii|247427
Hey Brother|Avicii|255093
Blame|Calvin Harris|212960
Safe And Sound|Capital Cities|192790
Demons|Imagine Dragons|175200
Waves - Robin Schulz Radio Edit|Mr. Probz|208133
This Is Love|will.i.am|279027
Timber (feat. Ke$ha)|Pitbull|204160
Die Young|Kesha|211920
Give Me Everything|Pitbull|252307
Starships|Nicki Minaj|210627
I Took A Pill In Ibiza - Seeb Remix|Mike Posner|197933
Habits (Stay High) - The Chainsmokers Extended Mix|Tove Lo|294253
Pompeii|Bastille|214148
It's Time|Imagine Dragons|237987
Blinding Lights|The Weeknd|201573
DANCE|CLMD|174448
The First One|Astrid S|188650
So High|Ruben|219854
Cry for Me|Camila Cabello|189133
Grip|Seeb|198075
Watermelon Sugar|Harry Styles|174000
Voice of Chunk|The Lounge Lizards|325733
Heaven|The Neighbourhood|205800
Kings of the Mountain|Lonely The Brave|260787
If You Can't Hang|Sleeping With Sirens|250240
If I'm James Dean, You're Audrey Hepburn|Sleeping With Sirens|219107
The Bomb Dot Com V2.0|Sleeping With Sirens|211720
You Kill Me (In a Good Way)|Sleeping With Sirens|222120
Captain Tyin Knots VS Mr Walkway (No Way)|Sleeping With Sirens|202960
In Case of Emergency, Dial 411|Sleeping With Sirens|164453
The Left Side of Everywhere|Sleeping With Sirens|179133
The Consequence|You Me At Six|266947
Underdog|You Me At Six|143080
Playing The Blame Game|You Me At Six|185733
Safer To Hate Her|You Me At Six|198467
Liquid Confidence (Nothing To Lose)|You Me At Six|191653
Hard To Swallow|You Me At Six|204800
There’s No Such Thing As Accidental Infidelity|You Me At Six|226747
Fireworks|You Me At Six|260467
Gossip|You Me At Six|177828
Call That A Comeback|You Me At Six|207267
Jealous Minds Think Alike|You Me At Six|217027
Save It For The Bedroom|You Me At Six|239053
Take Off Your Colours|You Me At Six|197133
You’ve Made Your Bed (So Sleep In It)|You Me At Six|259813
If You Run|You Me At Six|238467
If I Were In Your Shoes|You Me At Six|181333
Always Attract|You Me At Six|366027
The Rumour|You Me At Six|316360
Kiss And Tell|You Me At Six|199754
Finders Keepers|You Me At Six|194280
Sweet Feet|You Me At Six|216347
Loverboy|You Me At Six|197467
Loverboy - Acoustic Version|You Me At Six|186147
Starry Eyed|You Me At Six|149613
Guts|All Time Low|197053
Cheap Shots & Setbacks|AS IT IS|173084
Time-Bomb|All Time Low|209933
That Girl|All Time Low|191960
Weightless|All Time Low|198000
Break Your Little Heart|All Time Low|171707
Damned If I Do Ya (Damned If I Don't)|All Time Low|187027
Lost In Stereo|All Time Low|227467
Sick Little Games|All Time Low|216560
A Party Song (The Walk of Shame)|All Time Low|179173
Therapy|All Time Low|224200
Coffee Shop Soundtrack|All Time Low|181080
Jasey Rae|All Time Low|218280
Running From Lions|All Time Low|180720
Six Feet Under The Stars|All Time Low|216547
Dear Maria, Count Me In|All Time Low|182827
Remembering Sunday|All Time Low|256733
Poppin' Champagne|All Time Low|199987
Give It Up|The Friday Night Boys|223548
You Do, You Don't|The Friday Night Boys|267127
Stupid Love Letter|The Friday Night Boys|176467
She's Finding Me Out|The Friday Night Boys|227493
That's What She Said|The Friday Night Boys|190291
When You See My Friends|Mayday Parade|214573
You're Dead Wrong|Mayday Parade|239120
Call Me Hopeless, but Not Romantic|Mayday Parade|209293
Without the Bitter the Sweet Isn't as Sweet|Mayday Parade|212160
Terrible Things - EP Version|Mayday Parade|238076
Kids in Love|Mayday Parade|216600
Bruised and Scarred|Mayday Parade|203293
If You Can't Live Without Me, Why Aren't You Dead Yet?|Mayday Parade|218133
I Swear This Time I Mean It|Mayday Parade|241107
Warm Me Up|The Audition|212187
Make It Rain|The Audition|190053
You've Made Us Conscious|The Audition|180227
Don't Be So Hard|The Audition|194280
My Temperature Is Rising|The Audition|179667
Love With a Motive|The Audition|177307
Los Angeles|The Audition|205187
The Great Escape|Boys Like Girls|206520
Five Minutes to Midnight|Boys Like Girls|227360
Hero / Heroine|Boys Like Girls|232240
Long Lost Friends|Transit|214160
Voted Most Likely|Man Overboard|171680
Punishment|Man Overboard|172667
Picture Perfect|Man Overboard|184107
Night Feelings|Man Overboard|203733
Montrose|Man Overboard|173480
You Might As Well Be In Space|The Years Gone By|193173
Tear Down The Stars|The Years Gone By|209000
Stay Close|The Years Gone By|178427
Autumn|Sparks The Rescue|208680
We Love Like Vampires|Sparks The Rescue|178373
All the Pretty Girls|fun.|202893
Up All Night|blink-182|199707
I Miss You|blink-182|226905
Down|blink-182|183763
First Date|blink-182|171533
Story Of A Lonely Guy|blink-182|219667
Stay Together For The Kids|blink-182|239440
Roller Coaster|blink-182|167600
What's My Age Again?|blink-182|148573
All The Small Things|blink-182|168000
Dammit|blink-182|165373
There Is|Box Car Racer|196600
1985|Bowling For Soup|193000
Havana (feat. Young Thug)|Camila Cabello|217307
Stitches|Shawn Mendes|206880
Bad Liar|Selena Gomez|214648
Most Girls|Hailee Steinfeld|204400
Swish Swish|Katy Perry|242520
Strip That Down|Liam Payne|204502
Cool for the Summer|Demi Lovato|214740
Sorry|Justin Bieber|200787
Blank Space|Taylor Swift|231827
Treat You Better|Shawn Mendes|187973
Same Old Love|Selena Gomez|229080
thank u, next|Ariana Grande|207320
Dark Horse|Katy Perry|215672
Sit Still, Look Pretty|Daya|202227
Party In The U.S.A.|Miley Cyrus|202067
Chandelier|Sia|216120
The Cure|Lady Gaga|211364
Best Song Ever|One Direction|200107
Slow Hands|Niall Horan|188174
Closer (feat. Halsey)|The Chainsmokers|244960
We Can't Stop|Miley Cyrus|231240
no tears left to cry|Ariana Grande|205920
Girls Like You (feat. Cardi B)|Maroon 5|235545
Chloe (You're the One I Want)|Emblem3|222987
Uptown Funk|Mark Ronson|269667
"How Far I'll Go - From ""Moana"""|Alessia Cara|175517
One Kiss (with Dua Lipa)|Calvin Harris|214847
Pretty Girls|Britney Spears|163960
Body on Me|Rita Ora|225218
Don't Call Me Up|Mabel|178480
A Year Without Rain|Selena Gomez & The Scene|234347
Silence|Marshmello|180823
Wolves|Selena Gomez|197993
Valentine|5 Seconds of Summer|196628
Alive|Krewella|288880
Hey There Delilah|Plain White T's|232533
All of Me|John Legend|269560
One Last Time|Ariana Grande|197267
Say You Won't Let Go|James Arthur|211467
Malibu|Miley Cyrus|231906
Halo|Beyoncé|261640
Umbrella|Rihanna|275987
Pumped Up Kicks|Foster The People|239600
All Star|Smash Mouth|200373
Seventeen|Troye Sivan|218351
Lie To Me (feat. Julia Michaels)|5 Seconds of Summer|149878
On The Floor|Jennifer Lopez|284867
Shut Up and Dance|WALK THE MOON|199080
Honestly|Hot Chelle Rae|201507
Sunflower - Spider-Man: Into the Spider-Verse|Post Malone|158040
Just The Way You Are|Bruno Mars|220733
Bad Day|Daniel Powter|233640
I Want It That Way|Backstreet Boys|213600
Somebody That I Used To Know|Gotye|244885
Take Me to Church|Hozier|241693
Don't Stop The Music|Rihanna|267080
Wake Me Up Before You Go-Go|Wham!|230693
"Let It Go - From ""Frozen""/Soundtrack Version"|Idina Menzel|223840
Sugar|Maroon 5|235493
Animals|Maroon 5|231013
Let It Go - English Version|Idina Menzel|224027
Photograph|Ed Sheeran|258987
Call Me Maybe|Carly Rae Jepsen|193467
Titanium (feat. Sia)|David Guetta|245040
Lights Down Low|MAX|223847
Best Day Of My Life|American Authors|194240
Take Me To Church|Hozier|241688
Lose You To Love Me|Selena Gomez|206459
Wrong Direction|Hailee Steinfeld|248987
Adore You|Harry Styles|207133
7 rings|Ariana Grande|178627
Teeth|5 Seconds of Summer|204887
Without Me|Halsey|201661
2002|Anne-Marie|186987
Bang Bang|Jessie J|199373
You Need To Calm Down|Taylor Swift|171360
Meant to Be (feat. Florida Georgia Line)|Bebe Rexha|164205
Scars To Your Beautiful|Alessia Cara|230227
Woman Like Me (feat. Nicki Minaj)|Little Mix|229720
Because of You|Kelly Clarkson|219493
Strip That Down (feat. Quavo)|Liam Payne|202062
Rewrite The Stars|Zac Efron|217440
Hate Me (with Juice WRLD)|Ellie Goulding|186223
Somebody To You|The Vamps|182827
Pretty Brown Eyes|Cody Simpson|168200
I Like Me Better|Lauv|197437
Something About the Sunshine|Anna Margaret|186773
Who Will I Be|Demi Lovato|187467
Introducing Me|Nick Jonas|187627
Play My Music|Jonas Brothers|197507
Mine|Bazzi|131064
Lovin' So Hard|Becky G|221453
Shower|Becky G|206167
Kiss You|One Direction|182960
Die Young|Kesha|211920
Wannabe|Spice Girls|173027
Live While We're Young|One Direction|200187
Last Friday Night (T.G.I.F.)|Katy Perry|230747
Your Love Is My Drug|Kesha|187133
22|Taylor Swift|231867
Can We Dance|The Vamps|191402
What the Hell|Avril Lavigne|220627
Hair|Little Mix|233827
Domino|Jessie J|231840
Baby|Justin Bieber|214240
Volcanic Love|The Aces|205977
Lightning In A Bottle|The Summer Set|245492
Body Language (feat. Usher & Tinashe)|Kid Ink|206280
No Control|One Direction|199720
Made In The USA|Demi Lovato|196093
Stutter|Marianas Trench|201160
"Stand Out - From ""How to Build a Better Boy"""|Sabrina Carpenter|208827
You'll Always Find Your Way Back Home|Hannah Montana|224187
Round & Round|Selena Gomez & The Scene|186493
Better in Stereo - Theme Song Version|Dove Cameron|152573
Had Me @ Hello|Olivia Holt|189520
"Wildside - From ""Adventures in Babysitting"""|Sabrina Carpenter|187960
Make You Believe|Lucy Hale|211667
Loud|R5|206840
Smile|R5|201533
Cloud 9 - Original TV Movie Soundtrack|Dove Cameron|209067
She's So Gone|Naomi Scott|186453
"The Best of Both Worlds - From ""Hannah Montana""/Soundtrack Version"|Hannah Montana|174120
Shadows Of The Night|Pat Benatar|261560
Heaven Is a Place on Earth|Belinda Carlisle|246520
I Don't Want It At All|Kim Petras|250616
Hillside Boys|Kim Petras|218178
Phantom|Jessie Paege|208347
There's Nothing Holdin' Me Back|Shawn Mendes|199440
Budapest|George Ezra|200733
broken|lovelytheband|204878
Telephone|Waterparks|153995
Stupid for You|Waterparks|191545
Cough Syrup|Young the Giant|249520
I Think I'm In Love|Kat Dahlia|202667
You should be sad|Halsey|205473
Dealer|Troy Murray|305653
Drip Too Hard (Lil Baby & Gunna)|Lil Baby|145543
Pure Water (with Migos)|Mustard|194520
Break Me Down|L0uie L0u|195736
Make You Mine|L0uie L0u|205296
ZEZE|Kodak Black|228760
So Good|Jae Mazor|216948
Up in There (feat. Rippa da Kid & Troy Murray)|Jae Mazor|207021
Breathe|Jae Mazor|190016
Swervin (feat. 6ix9ine)|A Boogie Wit da Hoodie|189487
All I Got (feat. Jae Mazor & Rippa Da Kid)|Orion Paxx|227308
Better Now|Post Malone|231267
Hustler|Only1Tipy|200699
Thotiana|Blueface|129264
Raw|Rippa da Kid|202633
a lot|21 Savage|288624
I'm Good|Rippa da Kid|152765
Relentless|Fayn|224027
Please Me|Cardi B|200890
Taki Taki (with Selena Gomez, Ozuna & Cardi B)|DJ Snake|212500
How You Want It (feat. Jae Mazor)|Fayn|213395
Look Back at It|A Boogie Wit da Hoodie|179449
SICKO MODE|Travis Scott|312820
Epic|Fayn|245239
Going Bad (feat. Drake)|Meek Mill|180522
Adan y Eva|Paulo Londra|258639
Irresistible|Fall Out Boy|205851
Like A G6|Far East Movement|216893
Thnks fr th Mmrs|Fall Out Boy|203507
Quarter Past Midnight|Bastille|201799
Alone Together|Fall Out Boy|203413
Viva La Vida|Coldplay|242373
The Phoenix|Fall Out Boy|244960
Good Feeling|Flo Rida|248133
Maps|Maroon 5|189960
Thunder|Imagine Dragons|187147
Believer|Imagine Dragons|204347
Holiday|Green Day|232680
Boulevard of Broken Dreams|Green Day|262333
You're Gonna Go Far, Kid|The Offspring|177827
Basket Case|Green Day|181533
Low (feat. T-Pain)|Flo Rida|231400
Dynamite|Taio Cruz|203867
Hooked on a Feeling|Blue Swede|172867
Escape (The Pina Colada Song)|Rupert Holmes|276493
I Don't Care - Single Version|Fall Out Boy|214493
Uma Thurman|Fall Out Boy|211573
Say Amen (Saturday Night)|Panic! At The Disco|189187
Thunder|Imagine Dragons|187147
American Idiot|Green Day|176346
Centuries|Fall Out Boy|228360
Immortals|Fall Out Boy|189387
Youngblood|5 Seconds of Summer|203418
Godzilla|Blue Öyster Cult|221400
Cherry Pie|Warrant|201107
Juke Box Hero|Foreigner|259800
Working for the Weekend|Loverboy|221000
Sweet Home Alabama|Lynyrd Skynyrd|281147
Immigrant Song - Remaster|Led Zeppelin|146250
21 Guns|Green Day|321093
Ridin'|Chamillionaire|303053
"Rasputin - 7"" Version"|Boney M.|220733
DJ Got Us Fallin' In Love (feat. Pitbull)|Usher|220800
Carry on Wayward Son|Kansas|323000
Glory|Bastille|281866
Down Under|Men At Work|220867
You Make Me Feel... (feat. Sabi)|Cobra Starship|215693
Ride|Twenty One Pilots|214507
Radioactive|Imagine Dragons|186813
My Songs Know What You Did In The Dark (Light Em Up)|Fall Out Boy|186827
Irresistible|Fall Out Boy|206507
Miss Jackson (feat. LOLO)|Panic! At The Disco|192053
Whatever It Takes|Imagine Dragons|201240
Somebody Told Me|The Killers|197160
Moves Like Jagger - Studio Recording From The Voice Performance|Maroon 5|201160
Party Rock Anthem|LMFAO|262173
Flaws|Bastille|218800
Pour Some Sugar On Me - Remastered 2017|Def Leppard|267307
Deja Vu (Initial D)|Tsuko G.|250942
You Really Got Me - 2015 Remaster|Van Halen|156147
Hold the Line|TOTO|235800
Rio - 2009 Remaster|Duran Duran|337333
Here I Go Again 87 - 2017 Remastered Version|Whitesnake|275693
Stacy's Mom|Fountains Of Wayne|197987
Fortunate Son|Creedence Clearwater Revival|140773
Thriller|Michael Jackson|358053
Wake Me Up Before You Go-Go - Remastered|Wham!|232280
Life Is A Highway - Remastered Version|Rascal Flatts|276267
Seven Nation Army|The White Stripes|231800
You Give Love A Bad Name|Bon Jovi|222707
I'm Gonna Be (500 Miles)|The Proclaimers|219467
You Make My Dreams - Remastered|Daryl Hall & John Oates|187431
Some Nights|fun.|277040
Cruise|Florida Georgia Line|208960
Everybody Talks|Neon Trees|177280
Thunderstruck|AC/DC|292880
Animal|Neon Trees|212293
Rock You Like A Hurricane|Scorpions|252493
Any Way You Want It|Journey|201693
Don't Bring Me Down|Electric Light Orchestra|243373
Separate Ways (Worlds Apart)|Journey|323707
One Way Or Another|Blondie|217364
Take Me Home, Country Roads - Rerecorded|John Denver|197813
Angel With A Shotgun|The Cab|221387
Animals|Maroon 5|231013
Blame It On Waylon|Josh Thompson|212648
Piano Man|Billy Joel|336093
I Wanna Get Better|Bleachers|204400
One Week|Barenaked Ladies|169760
We're Not Gonna Take It|Twisted Sister|219667
(I Just) Died In Your Arms|Cutting Crew|278627
Don't Stop Me Now - 2011 Mix|Queen|209413
More Than a Feeling|Boston|285133
Beat It - Single Version|Michael Jackson|258040
Losing My Religion|R.E.M.|268427
Your Love|The Outfield|221840
Paradise City|Guns N' Roses|406307
Back In Black|AC/DC|255493
Livin' On A Prayer|Bon Jovi|249293
American Pie|The Deep Dixie Boys|276079
Gangsta's Paradise|Coolio|240693
92 Explorer|Post Malone|211427
I Believe in Us|LÉON|202147
Another One|Kim Petras|225245
Good News|K.Flay|211027
Adore You|Maisie Peters|198280
There Will Be Blood|Kim Petras|197652
Sims|Lauv|155075
9 2 5|Terror Jr|156764
Burnout|EXES|172387
Stole Your Car|Charlotte Lawrence|215786
Sweet Little Lies|bülow|175067
Safe|Daya|200661
Bad|Lennon Stella|177973
Water Fountain|Alec Benjamin|218893
Perfect|Brooke Alexx|142859
Nervous|Evan Blum|178909
Problems|A R I Z O N A|171898
King of the Doves|Mating Ritual|209000
Walking (feat. Swae Lee & Major Lazer)|88rising|167080
BATSHiT|Girl Wilde|172000
Waste My Youth|GALXARA|213633
Afterlife|Hailee Steinfeld|209200
Not Going Out Tonight|Jack Newsome|155000
American Spirit|Meg & Dia|221396
Peachy Keen|L Devine|148238
Superlove (feat. Oh Wonder)|Whethan|184814
Bachelorette|Ashe|213964
Playground|More Giraffes|185016
Flares|The Script|229320
Hungover You|Hazey Eyes|184186
Picture (In My Brain)|Trynket|202411
Never Gonna Get Away|Refs|181923
Losers|Frawley|201467
Middle Name|Thomston|241839
Wait|IRIS|205576
Out of Place|Brooke Sierra|178105
Love Me Too|Joseph Tilley|202500
Mad Man|Jena Rose|187054
Lemontree|Julian Daniel|164046
365|Ben Zaidi|166590
Joyride|SONIA|161734
FOR YOUR EYES ONLY|Cashmere Cat|188674
Thought We Were in Love|CALI JEWLS|193469
Anywhere u go|Tove Lo|189605
Home To You|Sigrid|221587
The Way I Loved You (RAC Mix)|REYNA|185387
On & On - Mixed|MØ|210559
colorblind|Mokita|193977
Black Heart|James Quick|200000
THAT BITCH|Bea Miller|201102
Graduation (with Juice WRLD)|benny blanco|177847
Over That|Emily Vaughn|205371
Yellow Hearts|Ant Saunders|223256
useless|RUFUS|156522
Deliriously Good|Rat City|213622
Wild Girl|Kito|194088
Do You Ever?|Phil Good|150000
Be Fine (feat. Wafia)|Ekali|159661
Get Stüpid|bülow|172800
Back To You|Wells*|200000
Workin' On It|Meghan Trainor|181291
Sleepless|Chymes|166000
Push My Luck|The Chainsmokers|181844
Regulars|Allie X|221783
Straight From The Bottle|Terror Jr|167509
Margaret's Hymn|Deborah's Child|246741
Kissing Other People|Lennon Stella|161627
Minute|Parson James|174067
Criminal|Grey|148880
So Good|Dove Cameron|157533
FUCK IT UP|Hearts & Colors|188221
Trippin'|Becoming Young|222535
Sweettalk my Heart - Team Salut Remix|Tove Lo|179057
Lovely|Fly By Midnight|176975
Sad Songs In The Summer|Olivia O'Brien|178000
Born to Rule|Transviolet|172235
Tongue Tied (with YUNGBLUD & blackbear)|Marshmello|185806
Mean It|Lauv|232853
Tokyo Drifting (with Denzel Curry)|Glass Animals|217693
Gold Jacket|Sam Tsui|266400
Misery|Cashae|161318
4runner|prettyboyshav|248314
Crazy Stupid Bitch|Annika Grace|178833
About Last Night|Kid Elliot|177838
Unstoppable|AJ Mitchell|195112
Rolling Thunder|Yoshi Flower|169068
One Second|Josh Arce|201504
Hotel Room|Lauren Sanderson|164348
Your Call Is Important to Us|Oscar Louis|159000
All I Do|ÊMIA|187256
You Said|Olmos|195200
Fuckboy|Dillistone|186667
Glue|Lee Bowie|182449
The Climb|Miley Cyrus|234520
Naturally|Selena Gomez & The Scene|202587
S.O.S.|Jonas Brothers|153347
Bad Romance|Lady Gaga|294573
I Knew You Were Trouble.|Taylor Swift|219720
Oops!...I Did It Again|Britney Spears|211160
Girlfriend|Avril Lavigne|216600
Want U Back|Cher Lloyd|214013
Royals|Lorde|190185
So What|P!nk|215160
Rockabye (feat. Sean Paul & Anne-Marie)|Clean Bandit|251173
A Thousand Miles|Vanessa Carlton|237493
Fight Song|Rachel Platten|204013
I'm Just a Kid|Simple Plan|198333
Just the Girl|The Click Five|234147
Misery Business|Paramore|211520
La La Land|Demi Lovato|196467
...Baby One More Time|Britney Spears|211067
Poker Face|Lady Gaga|237200
Slow Down|Selena Gomez|210293
Gotta Go My Own Way|Melodyia Music|214075
Just Wanna Be With You - Original Version|High School Musical Cast|156187
Turn Up the Music|Adam Hicks|176600
The Boys Are Back - Original Version|High School Musical Cast|224667
Breakaway|Kelly Clarkson|237000
Just Give Me a Reason (feat. Nate Ruess)|P!nk|242733
Our Song|Taylor Swift|203440
Mean|Taylor Swift|237747
What Makes You Beautiful|One Direction|199987
Fireflies|Owl City|228347
Beautiful Girls|Sean Kingston|225373
Hey, Soul Sister|Train|216773
Stereo Hearts (feat. Adam Levine)|Gym Class Heroes|210960
I'm Yours|Jason Mraz|242187
She Will Be Loved - Radio Mix|Maroon 5|259453
Locked Away|R. City|227480
The Lazy Song|Bruno Mars|190213
Dynamite|Taio Cruz|202613
Blah Blah Blah (feat. 3OH!3)|Kesha|172053
Bubbly|Colbie Caillat|196227
Heart Made Up On You|R5|179680
Smile|R5|201533
Hips Don't Lie (feat. Wyclef Jean)|Shakira|218093
Somebody To You|The Vamps|185098
Love The Way You Lie (Part II) - Pt. 2|Rihanna|296227
Piano's On The Beach|Jacques Renault|283841
The Less I Know The Better|Tame Impala|216319
White Sky|Vampire Weekend|178667
Take on Me|a-ha|225280
Funky Town|Lipps Inc.|239253
99 Luftballons|Nena|233000
Lovefool - Radio Edit|The Cardigans|193893
Blue (Da Ba Dee) - Gabry Ponte Ice Pop Radio|Eiffel 65|283748
Dragostea Din Tei - Romanian Version|O-Zone|216033
Sweet Dreams (Are Made of This) - Remastered|Eurythmics|216933
Finally|CeCe Peniston|249067
Virtual Insanity - Remastered|Jamiroquai|228333
This Is America|Childish Gambino|225773
The Bad Touch|Bloodhound Gang|260507
TiK ToK|Kesha|199693
Irreplaceable|Beyoncé|227853
Just Can’t Get Enough|The Black Eyed Peas|219427
Bumpy Ride|Mohombi|224402
Cha Cha Slide - Hardino Mix|DJ Casper|221560
AM To PM|Christina Milian|231307
Pompen|Kraantje Pappie|154463
Crazy In Love (feat. Jay-Z)|Beyoncé|235933
DUELE EL CORAZON|Enrique Iglesias|200813
Just Dance|Lady Gaga|241933
Paparazzi|Lady Gaga|208307
Bad Romance|Lady Gaga|294573
Alejandro|Lady Gaga|274213
Poker Face|Lady Gaga|237200
Umbrella|Rihanna|275987
In My Head|Jason Derulo|199027
Problem|Ariana Grande|193920
Ai Se Eu Te Pego - Ao Vivo|Michel Teló|170449
Black Widow|Iggy Azalea|209423
Watskeburt?!|De Jeugd Van Tegenwoordig|375973
Replay|Iyaz|182307
Habiba|Boef|215978
The Way I Are|Timbaland|169413
Jenny from the Block (feat. Jadakiss & Styles P.) - Track Masters Remix|Jennifer Lopez|187840
This Is What You Came For|Calvin Harris|222160
Trap Queen|Fetty Wap|222093
Hotline Bling|Drake|267187
Havana|Camila Cabello|216897
La La La|Naughty Boy|222200
I Follow Rivers (You Deep Sea Baby)|Café Amargo|281639
Nobody To Love - Radio Edit|Sigma|185587
There is no other time|Klaxons|215667
I Loved You (feat. Melissa Steel)|Blonde|184705
My head is a Jungle - MK Remix [Radio Edit]|Wankelmut|207253
Every Single Piece - Radio Edit|Redondo|164250
Freestyler|Bomfunk MC's|172442
Together - Extended Mix|The Magician|264011
Right Here|Jess Glynne|220549
My Love|Route 94|262000
This Girl (Kungs Vs. Cookin' On 3 Burners) - Kungs Vs. Cookin' On 3 Burners|Kungs|195547
I Wanna Feel - Radio Edit|Secondcity|185934
We Can Only Live Today (Puppy) - Original|Netsky|204308
Make Luv|Room 5|212413
Intoxicated - Original Mix|Martin Solveig|257280
Say Something - Zac Samuel Remix|Karen Harding|213135
The Party (This Is How We Do It) - Radio Edit|Joe Stone|185807
We Are Young (feat. Janelle Monáe)|fun.|250627
Lollipop|MIKA|183533
Grace Kelly|MIKA|187733
You Don't Know Me - Radio Edit|Jax Jones|213947
Opposite Of Adults|Chiddy Bang|193707
Adventure of a Lifetime|Coldplay|263787
Rather Be (feat. Jess Glynne)|Clean Bandit|227833
Blurred Lines|Robin Thicke|263053
Hymn for the Weekend|Coldplay|258827
I Feel It Coming|The Weeknd|269187
Paradise|Coldplay|278719
How Long|Charlie Puth|198237
Swimming Pools (Drank)|Kendrick Lamar|247800
Liquor Locker|Vic Mensa|258120
HUMBLE.|Kendrick Lamar|177000
Tiimmy Turner|Desiigner|239853
Oh My Darling Don't Cry|Run The Jewels|204840
Probleemkind|Esko|220404
Krantenwijk|Lil Kleine|202893
ELEMENT.|Kendrick Lamar|208733
King Kunta|Kendrick Lamar|234693
Boogie Wonderland|Mr. Belt & Wezol|168196
Make U Love Me|Tujamo|188160
Heads Will Roll|Yeah Yeah Yeahs|221000
Elastic Heart|Sia|257200
One Day / Reckoning Song (Wankelmut Remix) [Radio Edit]|Asaf Avidan & the Mojos|213187
Pompeii|Bastille|214148
Ain't Nobody (Loves Me Better)|Felix Jaehn|186147
Get Free (feat. Amber Coffman)|Major Lazer|291162
Feel It Still|Portugal. The Man|163251
Rhyme Or Reason|Eminem|301721
Love Game|Eminem|296953
Stressed Out|Twenty One Pilots|202333
Rain Or Shine|Young Fathers|229369
IDGAF|Dua Lipa|217947
Drag Me Down|One Direction|192120
There's Nothing Holdin' Me Back|Shawn Mendes|199440
I Like Me Better|Lauv|197437
Attention|Charlie Puth|208787
Dancing With A Stranger (with Normani)|Sam Smith|171030
Symphony (feat. Zara Larsson)|Clean Bandit|212733
The Middle|Zedd|184732
Look What You Made Me Do|Taylor Swift|211853
Lips Are Movin|Meghan Trainor|182667
Cheap Thrills|Sia|211667
Fancy|Iggy Azalea|199938
Big Plans|Why Don't We|179930
That's What I Like|Bruno Mars|206693
My My My!|Troye Sivan|204727
PILLOWTALK|ZAYN|202747
High Hopes|Panic! At The Disco|190947
Back to You (feat. Bebe Rexha & Digital Farm Animals)|Louis Tomlinson|190428
Young Dumb & Broke|Khalid|202547
Green Light|Lorde|234653
Cool Kids|Echosmith|237627
Mama|Jonas Blue|184134
ILYSB|LANY|211340
I Don't Wanna Love You Anymore|LANY|201178
She Looks So Perfect|5 Seconds of Summer|202496
Dance To This (feat. Ariana Grande)|Troye Sivan|231847
I'm a Mess - Acoustic|Bebe Rexha|153094
Firework|Katy Perry|227893
California Gurls|Katy Perry|234653
Déjà Vu|Katy Perry|197840
Save As Draft|Katy Perry|228653
Miami|Nicki Minaj|190747
Bon appétit|Katy Perry|227813
Chained To The Rhythm|Katy Perry|237733
Witness|Katy Perry|250507
Miss You More|Katy Perry|234280
Act My Age|Katy Perry|221613
Chun-Li|Nicki Minaj|191600
Hey Hey Hey|Katy Perry|214960
Youth feat. Khalid|Shawn Mendes|190867
POP/STARS|K/DA|191100
Poison|Rita Ora|202907
God is a woman|Ariana Grande|197547
sweetener|Ariana Grande|208493
no tears left to cry|Ariana Grande|205920
goodnight n go|Ariana Grande|189507
successful|Ariana Grande|227387
7 rings|Ariana Grande|178640
R.E.M|Ariana Grande|245667
Gorgeous|Taylor Swift|209680
R.E.M|Ariana Grande|245667
pete davidson|Ariana Grande|73813
raindrops (an angel cried)|Ariana Grande|37640
NASA|Ariana Grande|182000
ghostin|Ariana Grande|271467
break up with your girlfriend, i'm bored|Ariana Grande|190440
imagine|Ariana Grande|212267
Mercy|Shawn Mendes|208733
LLC|Nicki Minaj|221853
sweetener|Ariana Grande|208493
the light is coming (feat. Nicki Minaj)|Ariana Grande|228373
get well soon|Ariana Grande|322027
Can't Stop Singing|Ross Lynch|145920
Falling for Ya|Jordan Fisher|124613
"Can't Back Down - From ""Camp Rock 2: The Final Jam"""|Demi Lovato|199933
Not A Love Song|Austin Moon|182107
Me and You|Laura Marano|167440
Really Don't Care|Demi Lovato|201600
Steal My Girl|One Direction|228133
Come & Get It|Selena Gomez|231987
Eyes Wide Open|Sabrina Carpenter|192720
Watch Me|Bella Thorne|175347
"Something Real - From ""How to Build a Better Boy"""|China Anne McClain|162053
Breaking Free|Melodyia Music|209190
Starstruck|Christopher Wilde|175027
7 Things - Single Version|Miley Cyrus|213453
Did I Mention|Jeff Lewis|153787
TTYLXOX|Bella Thorne|154773
Nobody's Perfect|Hannah Montana|200827
"Bet On It - From ""High School Musical 2""/Soundtrack Version"|Troy|198320
"You Are the Music in Me - From ""High School Musical 2""/Soundtrack Version"|Troy|208947
Surf Crazy|Spencer Lee|182707
"Cruisin' for a Bruisin' - From ""Teen Beach Movie"""|Ross Lynch|195733
Like Me|Maia Mitchell|198640
Meant to Be|Ross Lynch|220253
Surf Crazy Finale|Teen Beach Movie Cast|151893
"It's On - From ""Camp Rock 2: The Final Jam"""|Demi Lovato|242773
"Shake It Up - From ""Shake It Up"""|Selena Gomez|180827
"Introducing Me - From ""Camp Rock 2: The Final Jam"""|Nick Jonas|186893
A Night to Remember - Original Version|High School Musical Cast|236400
"I Don't Dance - From ""High School Musical 2""/Soundtrack Version"|CHAD|217240
What I've Been Looking For|Ashley Tisdale|125493
Rock Star|Hannah Montana|178560
"Fabulous - From ""High School Musical 2""/Soundtrack Version"|Sharpay Evans|180693
"This is Our Song - From ""Camp Rock 2: The Final Jam"""|Demi Lovato|178200
Something About the Sunshine|Anna Margaret|186800
Too Much|Zendaya|187333
Start of Something New|Melodyia Music|193751
Dear Future Husband|Meghan Trainor|184227
Worldwide|Big Time Rush|224333
Breakout|Margaret Durante|179040
Make Your Mark|Drew Ryan Scott|217347
BAMM|Milo Manheim|186101
Shades|Christopher Wilde|183467
New Boyfriend|Anna Margaret|185333
Make a Movie|Jasmine Sagginario|190200
Nothing’s Gonna Stop Me Now|Olivia Holt|231293
Falling for Ya|Grace Phipps|192800
Oxygen|Maia Mitchell|181693
If Only|Dove Cameron|229813
Big Time Rush|Big Time Rush|197587
Moves Like Jagger|Maroon 5|202640
This Love|Maroon 5|206200
Little Talks|Of Monsters and Men|266600
One More Night|Maroon 5|219547
Counting Stars|OneRepublic|257267
Shape of You|Ed Sheeran|233713
I Kissed A Girl|Katy Perry|179640
Part Of Me|Katy Perry|216160
The Heart Wants What It Wants|Selena Gomez|227373
Turn Me On (feat. Nicki Minaj)|David Guetta|199680
Price Tag|Jessie J|223053
Who's Laughing Now|Jessie J|234880
Troublemaker (feat. Flo Rida)|Olly Murs|185587
Rather Be (feat. Jess Glynne)|Clean Bandit|227833
Boom Boom Pow|The Black Eyed Peas|251440
Trumpets|Jason Derulo|217307
Can You Love Me Again|Shake|225306
Kissing Strangers|DNCE|202480
My Nigga|YG|235600
Starboy|The Weeknd|230453
We Are Never Ever Getting Back Together|Taylor Swift|193147
Can't Help Falling in Love|Christian Leave|135714
I Don't Fuck With You|Big Sean|284387
"Happy - From ""Despicable Me 2"""|Pharrell Williams|232720
I Feel It Coming|The Weeknd|269187
All About Us|He Is We|206173
As Long As You Love Me|Justin Bieber|229467
22|Taylor Swift|232120
Burn|Ellie Goulding|231212
Love Me Like You Do|Ellie Goulding|253520
They Don't Know About Us|One Direction|201693
Cry Me a River|Justin Timberlake|288333
What About Love|Austin Mahone|203344
Sexy Bitch (feat. Akon)|David Guetta|195853
I Know You Want Me (Calle Ocho)|Pitbull|237120
Danza Kuduro|Don Omar|198773
Day 'N' Nite|Kid Cudi|162387
I Cry|Flo Rida|223800
Hall of Fame|The Script|202533
Can't Hold Us - feat. Ray Dalton|Macklemore & Ryan Lewis|258343
Shots|Lil Jon|218000
Thrift Shop (feat. Wanz)|Macklemore & Ryan Lewis|235613
Party Rock Anthem|LMFAO|262147
Suave (Kiss Me) (feat. Mohombi & Pitbull)|Nayer|222058
Scream & Shout|will.i.am|283400
Bump|Baby Blue|243480
Black Widow|Iggy Azalea|209423
Bitch I'm Madonna|Madonna|227480
Hollaback Girl|Gwen Stefani|199853
Papi|Jennifer Lopez|223493
Me, Myself & I|G-Eazy|251467
Whistle|Flo Rida|224653
Despacito|Luis Fonsi|229360
Firework|Katy Perry|227880
Your Love Is My Drug|Kesha|187133
Please Don't Stop the Musıc|Dolapdere Big Gang|250000
Party Rock Anthem|LMFAO|245800
Rather Be|Clean Bandit|231540
Sugar|Maroon 5|235493
The Fox (What Does the Fox Say?)|Ylvis|213708
Criminal|Britney Spears|225080
Attention|Charlie Puth|211475
Mistletoe|Justin Bieber|182947
Warriors|Imagine Dragons|170067
Heart Attack|Demi Lovato|210840
Hot N Cold|Katy Perry|220227
Since U Been Gone|Kelly Clarkson|188960
boyfriend (with Social House)|Ariana Grande|186107
God is a woman|Ariana Grande|197547
Side To Side|Ariana Grande|226160
Roar|Katy Perry|223546
Look What You Made Me Do|Taylor Swift|211853
Alarm|Anne-Marie|205593
Just the Way You Are|Bruno Mars|220733
Rude|MAGIC!|224840
Girl On Fire|Alicia Keys|224920
Fire Burning|Sean Kingston|239987
Last Friday Night (T.G.I.F.)|Katy Perry|230733
Mirrors|Justin Timberlake|484147
Thinking out Loud|Ed Sheeran|281560
All About That Bass|Meghan Trainor|187920
Diamonds|Rihanna|225147
Whatcha Say|Jason Derulo|221253
Jealous - Remix|Nick Jonas|222187
She Looks So Perfect|5 Seconds of Summer|202496
"Happy - From ""Despicable Me 2"""|Pharrell Williams|232720
Want to Want Me|Jason Derulo|207719
Can't Feel My Face|The Weeknd|213520
Miss Independent|Ne-Yo|232000
Raise Your Glass|P!nk|202960
Yeah! (feat. Lil Jon & Ludacris)|Usher|250373
Super Bass|Nicki Minaj|200013
Club Can't Handle Me (feat. David Guetta)|Flo Rida|234560
Down|Jay Sean|212107
DONTTRUSTME|3OH!3|192573
Right Now (Na Na Na)|Akon|240747
The Way|Ariana Grande|227027
My First Kiss - feat. Ke$ha|3OH!3|192440
Pass Me By|R5|201133
Pieces Of Me|Ashlee Simpson|217440
Genie In a Bottle|Christina Aguilera|217573
Everywhere|Michelle Branch|214827
Teenage Dream|Katy Perry|227741
Don't Cha|The Pussycat Dolls|272080
Burnin' Up|Jonas Brothers|175093
Get the Party Started|P!nk|192533
He Said She Said|Ashley Tisdale|188000
Breathe|Michelle Branch|211773
Why Can't I?|Liz Phair|208360
Drama Queen (That Girl) - Original Version|Lindsay Lohan|209093
We R Who We R|Kesha|204760
Who Knew|P!nk|208493
Whenever, Wherever|Shakira|196160
Ironic - 2015 Remaster|Alanis Morissette|230000
Year 3000|Jonas Brothers|201960
Midnight City|M83|243960
Hold Tight|Josha Daniel|249449
Someone New|Quentyn|182143
Electric Feel|MGMT|229640
Dream Of You|Josha Daniel|246857
Rush|Quentyn|247200
Home|New Spell|237875
Open Up|Josha Daniel|231207
Megaton Mile|Local Natives|266533
Moving On|Quentyn|221538
Synchro|The Able Bodies|304138
In the End (Lost Tapes)|Röyksopp|376721
Jerusalem - Pt. 2|Quentyn|163240
Long Shot - Mount Pleasant Remix|Transviolet|223590
parallel world|teepee|202613
On Your Mind|Quentyn|204522
A Part|INTET|190427
Vermin|dolorifics|197293
Mono|Sacred Animals|199621
Dead of the Night|Strath|259124
Hourglass|Imitating Aeroplanes|208748
Innocence|Quentyn|182951
Lone Wolf|Nathaniel Stewart|269152
P.D.R.|The Bergamot|242426
Home Tonight|Quentyn|210000
Breathe|Electric Shore|246930
Damage Control|Perttu|197634
Deliverance|CHVRCHES|252838
Higher|Quentyn|203077
Free Your Soul|Devin Farney|220277
Make Up Your Mind|KEV|233813
Arrive|Quentyn|187317
Time to Find Someone|Bildjan|166478
Breaking Kind|Steve Angello|200627
Monster|Quentyn|217570
Crazy Eights|Futurist|358720
Nightride|Carl Louis|273801
City Vocabulary|Hause Plants|184756
Moving On|Roosevelt|283007
On the Weekend - Phantoms Remix|Moli|227306
The Highway|The Restless Age|210571
Red Lights|Maximum Love|209714
Paradise|So So Sun|215102
Sundown|EAUXMAR|153714
Body Double|Dance Yourself Clean|182053
One Last Time|Kirmont|277110
Painting Pictures|TOFFE|209166
Highlight of My Week|East Harbor|161280
She Said|Michael Moawad|206375
Let It Happen|Tame Impala|467585
Don't Let Me Down|The Chainsmokers|208373
Closer (feat. Halsey)|The Chainsmokers|244960
If I Lose Myself - Alesso vs OneRepublic|OneRepublic|215187
Faded|Alan Walker|212627
Light It Up (feat. Nyla & Fuse ODG) [Remix]|Major Lazer|166138
Rockabye (feat. Sean Paul & Anne-Marie)|Clean Bandit|251088
One Dance|Drake|173987
Kill Em With Kindness|Selena Gomez|217907
Feel Good|Gryffin|248156
Chained To The Rhythm|Katy Perry|237915
Side To Side|Ariana Grande|226160
Starving|Hailee Steinfeld|181880
Work from Home (feat. Ty Dolla $ign)|Fifth Harmony|214480
Runaway (U & I)|Galantis|227074
Something Just Like This|The Chainsmokers|247627
Rather Be (feat. Jess Glynne)|Clean Bandit|227833
Red Lights|Tiësto|263890
Chained To The Rhythm|Katy Perry|237915
"I Don’t Wanna Live Forever (Fifty Shades Darker) - From ""Fifty Shades Darker (Original Motion Picture Soundtrack)"""|ZAYN|245200
The Hills|The Weeknd|242519
No Lie|Sean Paul|221176
This Girl (Kungs Vs. Cookin' On 3 Burners) - Kungs Vs. Cookin' On 3 Burners|Kungs|195547
Don't Wanna Know|Maroon 5|214480
Never Give Up|Sia|221987
Love You Like A Love Song|Selena Gomez & The Scene|188453
I Want You To Know|Zedd|239999
Price Tag|Jessie J|223053
First Time|Kygo|193511
Policeman - Radio Edit|Eva Simons|194400
Hey Baby|Dimitri Vegas & Like Mike|191213
I Got You|Bebe Rexha|191812
Despacito - Remix|Luis Fonsi|228827
Roar|Katy Perry|223546
E.T.|Katy Perry|206373
No Vacancy|OneRepublic|223190
Know No Better (feat. Travis Scott, Camila Cabello & Quavo)|Major Lazer|225850
The Ocean (feat. Shy Martin)|Mike Perry|183414
All In My Head (Flex) (feat. Fetty Wap)|Fifth Harmony|210573
Sing Me to Sleep|Alan Walker|189333
"CAN'T STOP THE FEELING! (Original Song from DreamWorks Animation's ""TROLLS"")"|Justin Timberlake|236002
Alone|Alan Walker|161200
Starboy|The Weeknd|230453
Swalla (feat. Nicki Minaj & Ty Dolla $ign)|Jason Derulo|216409
Run Up (feat. PARTYNEXTDOOR & Nicki Minaj)|Major Lazer|203180
2U (feat. Justin Bieber)|David Guetta|194897
Good Life (with G-Eazy & Kehlani)|G-Eazy|225520
It Ain't Me (with Selena Gomez)|Kygo|220781
There's Nothing Holdin' Me Back|Shawn Mendes|199440
Wake Me Up - Radio Edit|Avicii|247427
Levels - Radio Edit|Avicii|199904
Versace On The Floor (Bruno Mars vs. David Guetta)|Bruno Mars|228300
Safe And Sound|Capital Cities|192693
Middle|DJ Snake|220573
Too Good|Drake|263373
You Know You Like It|DJ Snake|247267
Voodoo Song - Radio Edit|Willy William|195858
Whatever It Takes|Imagine Dragons|201240
I'm In Control|AlunaGeorge|209425
How Deep Is Your Love|Calvin Harris|212640
This Is What You Came For|Calvin Harris|222160
Outside|Calvin Harris|227267
Feel So Close - Radio Edit|Calvin Harris|206413
What Lovers Do (feat. SZA)|Maroon 5|199849
Hurtin' Me|Stefflon Don|212815
No Lie|Sean Paul|221176
Trumpets (feat. Sean Paul)|Sak Noel|206400
Let Me Love You - Sean Paul Remix|DJ Snake|215560
Wild Ones (feat. Sia)|Flo Rida|232947
Stereo Love - Radio Edit|Edward Maya|184573
Titanium (feat. Sia)|David Guetta|245040
Shake It Off|Taylor Swift|219200
Poker Face|Lady Gaga|237200
Chandelier|Sia|216120
A Different Way (with Lauv)|DJ Snake|198286
Locked Out of Heaven|Bruno Mars|233478
That's What I Like|Bruno Mars|206693
Dark Horse|Katy Perry|215672
Panda|Desiigner|246761
Summertime Sadness [Lana Del Rey vs. Cedric Gervais] - Cedric Gervais Remix|Lana Del Rey|214912
New Rules|Dua Lipa|209320
Scared to Be Lonely|Martin Garrix|220883
Feels (feat. Pharrell Williams, Katy Perry & Big Sean)|Calvin Harris|223413
Mama|Jonas Blue|184134
Nobody Compares To You|Gryffin|231383
Particula (feat. DJ Maphorisa, Nasty C, Ice Prince, Patoranking & Jidenna)|Major Lazer|204655
Options (feat. Stephen Marley)|Pitbull|239760
What Lovers Do (feat. SZA)|Maroon 5|199849
Pumped Up Kicks|Foster The People|239600
Sugar (feat. Francesco Yates)|Robin Schulz|219043
Cheap Thrills|Sia|211667
Can't Stop Dancin'|Becky G|198853
I Took A Pill In Ibiza - Seeb Remix|Mike Posner|197933
Middle|DJ Snake|220573
Cake By The Ocean|DNCE|218440
Summer|Calvin Harris|222533
Where Are Ü Now (with Justin Bieber)|Jack Ü|250286
Wait|Maroon 5|190643
You Don't Want Love|Heikki L|226120
Bang My Head (feat. Sia & Fetty Wap)|David Guetta|193333
Heartbreak Back|Frank Walker|216848
Better Now|Post Malone|231267
thank u, next|Ariana Grande|207333
Sunflower - Spider-Man: Into the Spider-Verse|Post Malone|158053
This Feeling (feat. Kelsea Ballerini)|The Chainsmokers|199227
Nuh Ready Nuh Ready|Calvin Harris|184172
Electricity (with Dua Lipa)|Silk City|238173
Guilty|Neon Dreams|165749
Better|Khalid|229320
breathin|Ariana Grande|198160
Wish You Well (feat. Trove)|Famba|181295
Without Me|Halsey|201661
Silence|Marshmello|180823
Happier|Marshmello|214290
Eastside (with Halsey & Khalid)|benny blanco|173800
Love No More|Loud Luxury|168636
Promises (with Sam Smith)|Calvin Harris|213309
With You|Tyler Shaw|200730
Let You Love Me|Rita Ora|190000
Woman Like Me (feat. Nicki Minaj)|Little Mix|228207
Close To Me (with Diplo) (feat. Swae Lee)|Ellie Goulding|182623
High On Life (feat. Bonn)|Martin Garrix|230762
Giant (with Rag'n'Bone Man)|Calvin Harris|229184
Mama|Jonas Blue|184134
Lost in the Fire|Gesaffelstein|202093
Wow.|Post Malone|149520
Dancing With A Stranger (with Normani)|Sam Smith|171030
San Francisco (feat. Sofia Carson)|Galantis|154877
Lucky Strike|Troye Sivan|208967
Hope|The Chainsmokers|180120
Bad Liar|Imagine Dragons|260773
Nothing Breaks Like a Heart (feat. Miley Cyrus)|Mark Ronson|217467
Move On|Mike Posner|178427
No Candle No Light (feat. Nicki Minaj)|ZAYN|193399
Treat You Better - Single Edit|RÜFÜS DU SOL|218306
Mama (feat. Ellie Goulding)|Clean Bandit|189973
Better To Lie (with Jesse & Swae Lee)|benny blanco|176056
Should've Known Better (feat. Anne-Marie)|Clean Bandit|215080
Empty Space|James Arthur|214227
I Found You (with Calvin Harris)|benny blanco|191496
Dreams|Bazzi|147021
Feeling of Falling|Cheat Codes|216789
Mountains|Sia|194733
My Way (ft. Alice Berg)|Nicky Romero|178286
Blow That Smoke (feat. Tove Lo)|Major Lazer|223000
Never Let You Go (feat. Sofia Reyes)|Slushii|162538
Twenty One|Greyson Chance|192766
Swan Song|Dua Lipa|182075
There You Are|ZAYN|199600
Like I Love You|Lost Frequencies|190174
How You've Been - Black Caviar Remix|R3HAB|199322
All Into Nothing|R3HAB|161400
Suncity (feat. Empress Of)|Khalid|189493
i'm so tired...|Lauv|162583
Chlorine|Twenty One Pilots|324467
Grip|Seeb|198075
Bones (feat. OneRepublic)|Galantis|205793
Play|Jax Jones|186240
Nights Like This (feat. Ty Dolla $ign)|Kehlani|201788
Call You (feat. Nasri of MAGIC!)|Cash Cash|219451
How You Love Me (feat. Conor Maynard & Snoop Dogg)|Hardwell|194286
Bye Bye (feat. Ivy Adara)|Gryffin|210928
So Close|NOTD|190302
imagine|Ariana Grande|212293
Happy Now|Kygo|211362
You Remind Me (feat. Stanaj)|Gryffin|217250
Sweet but Psycho|Ava Max|187436
Scared of Love|Rudimental|203000
Don't Kill My High|Lost Kings|180333
Lost Control|Alan Walker|222320
Done Da Da|Massari|177102
Who Do You Love|The Chainsmokers|226747
Speechless (feat. Erika Sirola)|Robin Schulz|214942
Solo (feat. Demi Lovato)|Clean Bandit|222653
Beautiful (feat. Camila Cabello)|Bazzi|180000
Rise|Jonas Blue|194408
1999|Charli XCX|189000
Right Now|Nick Jonas|201680
No Place|Backstreet Boys|179747
Happy Now|Zedd|207030
Hold Me (feat. Frank Kadillac)|Ria Mae|188280
LET YOU BE RIGHT|Meghan Trainor|176944
Night Like This|Shawn Desman|231360
High School Dropout|Neon Dreams|184552
Slow Hands|Niall Horan|188174
Undrunk|FLETCHER|183428
Best I Ever Had|Drake|258760
Connection|OneRepublic|148460
Yours|Lo Lo|166116
8 Letters|Why Don't We|190027
Better When You're Gone|David Guetta|192402
No Sleep (feat. Bonn)|Martin Garrix|207095
You Say|Lauren Daigle|274693
Don't Call Me Up|Mabel|178480
MONOPOLY (with Victoria Monét)|Ariana Grande|158587
Preach|John Legend|236880
Love Me|Felix Cartal|194872
Can't Breathe|Fefe Dobson|224213
Doin’ Dirt|Maroon 5|211427
DCMO (Don't Count Me Out)|LU KALA|172687
In the Name of Love|Martin Garrix|195707
Kill Em With Kindness|Selena Gomez|217907
I Would Like|Zara Larsson|226720
Instant Crush|Daft Punk|337560
Faded - Dash Berlin Remix|Alan Walker|215307
One More Time|Daft Punk|320357
Never Forget You|Zara Larsson|213428
Smash the Funk|GRiZ|410204
Go Fuck Yourself|Two Feet|129600
Starboy|The Weeknd|230467
Cheap Thrills|Sia|224813
We Don't Talk Anymore|Charlie Puth|217707
Where Is The Love?|The Black Eyed Peas|272533
This One's for You (feat. Zara Larsson) (Official Song UEFA EURO 2016)|David Guetta|207273
Light It Up (feat. Nyla & Fuse ODG) - Remix|Major Lazer|166138
Cold Water (feat. Justin Bieber & MØ)|Major Lazer|185352
Lush Life|Zara Larsson|201122
Sex|Cheat Codes|228361
No Money|Galantis|189127
Heathens|Twenty One Pilots|195920
"Just Like Fire (From the Original Motion Picture ""Alice Through The Looking Glass"")"|P!nk|215414
Sucker For Pain (with Wiz Khalifa, Imagine Dragons, Logic & Ty Dolla $ign feat. X Ambassadors)|Lil Wayne|243491
Shots - Broiler Remix|Imagine Dragons|190999
GDFR (feat. Sage the Gemini & Lookas)|Flo Rida|190186
Roses|The Chainsmokers|226739
PILLOWTALK|ZAYN|202747
Panda|Desiigner|247867
7/11|Beyoncé|213507
One Dance|Drake|173975
Watch Out For This (Bumaye)|Major Lazer|269147
Dangerous (feat. Sam Martin)|David Guetta|203641
Radioactive|Imagine Dragons|186813
Me, Myself & I|G-Eazy|251467
Pump It|The Black Eyed Peas|213067
Send My Love (To Your New Lover)|Adele|223080
She Wolf (Falling to Pieces) (feat. Sia)|David Guetta|222500
Rise (feat. Skylar Grey)|David Guetta|235385
Blame|Calvin Harris|212960
Waiting For Love|Avicii|230613
Bad (feat. Vassy) - Radio Edit|David Guetta|170625
Powerful (feat. Ellie Goulding & Tarrus Riley)|Major Lazer|206327
Want to Want Me|Jason Derulo|207719
I Took A Pill In Ibiza - Seeb Remix|Mike Posner|197933
Faded|Alan Walker|212627
Cake By The Ocean|DNCE|218440
Locked Away|R. City|227480
Don't Worry (with Ray Dalton) - Radio Edit|Madcon|214789
Chandelier|Sia|216120
Time of Our Lives|Pitbull|229360
Sexy Bitch (feat. Akon)|David Guetta|195853
Stressed Out|Twenty One Pilots|202333
I Can Only Imagine (feat. Chris Brown & Lil Wayne)|David Guetta|209533
Shot Me Down (feat. Skylar Grey) - Radio Edit|David Guetta|191412
Can't Feel My Face|The Weeknd|213520
Dark Horse|Katy Perry|215672
Hey Mama (feat. Nicki Minaj, Bebe Rexha & Afrojack)|David Guetta|192560
Paradise|Coldplay|278719
Where Them Girls At (feat. Nicki Minaj & Flo Rida)|David Guetta|194840
If It Ain't Love|Jason Derulo|203105
Work from Home|Fifth Harmony|216575
"Love Me Like You Do - From ""Fifty Shades Of Grey"""|Ellie Goulding|252534
Ride|Twenty One Pilots|214507
Fast Car|Jonas Blue|212424
Hotline Bling|Drake|267024
Marvin Gaye|Charlie Puth|190453
Sing Me to Sleep|Alan Walker|189333
Stay (feat. Maty Noyes)|Kygo|239465
Hymn for the Weekend - Seeb Remix|Coldplay|212647
Lean On (feat. MØ & DJ Snake)|Major Lazer|176561
Lane Boy|Twenty One Pilots|253093
The Days|Avicii|278480
On Top Of The World|Imagine Dragons|189840
The Nights|Avicii|176658
On My Mind|Ellie Goulding|213445
I Need Your Love (feat. Ellie Goulding)|Calvin Harris|234507
Burn|Ellie Goulding|231212
Lights - Single Version|Ellie Goulding|210853
FourFiveSeconds|Rihanna|188238
Give Me Everything|Pitbull|252307
Fireball (feat. John Ryan)|Pitbull|236200
Otra Era|Javiera Mena|244979
Espada|Javiera Mena|254126
Sincronía, Pegaso|Javiera Mena|285512
Intuición (feat. Li Saumet)|Javiera Mena|234027
Luz de Piedra de Luna|Javiera Mena|272227
Hasta la Verdad|Javiera Mena|292800
La Joya|Javiera Mena|207520
Dentro de ti|Javiera Mena|218600
Espejo|Javiera Mena|224133
Yo No Te Pido la Luna|Javiera Mena|223027
Sol de Invierno|Javiera Mena|264507
Sufrir|Javiera Mena|225493
Que Me Tome la Noche|Javiera Mena|208283
El Amanecer|Javiera Mena|222227
Esa Fuerza|Javiera Mena|273522
Cámara Lenta|Javiera Mena|326707
Alma|Javiera Mena|226133
Los Olores de Tu Alma|Javiera Mena|300582
Escalera|Javiera Mena|238840
Aire|Javiera Mena|227600
Cerca|Javiera Mena|224040
Noche|Javiera Mena|239960
Primera Estrella|Javiera Mena|248960
Esquemas Juveniles|Javiera Mena|214254
Quédate un Ratito Más|Javiera Mena|220499
Al Siguiente Nivel|Javiera Mena|244374
Acá Entera|Javiera Mena|209773
Todas Aquí|Javiera Mena|220693
Como Siempre Soñé|Javiera Mena|290481
La Carretera|Javiera Mena|289151
Cuando Hablamos|Javiera Mena|267801
Pide|Javiera Mena|207965
Cuando no la esperas|Javiera Mena|238253
No Te Cuesta Nada|Javiera Mena|243253
Un Audífono Tú, un Audífono Yo|Javiera Mena|192613
I.O.A.|Javiera Mena|149253
Amiga|Pol Del Sur|274200
Ahondar en Ti|Javiera Mena|200520
Está en Tus Manos|Javiera Mena|377747
Culebra, Columna y Estatua|El Último Vecino|282401
Vivir|Gepe|253175
Casan (No Puedo Bloquear Lo Que Quiero Dar)|Javiera Mena|270681
Nada|Ruzzi|209565
Ausencia|Javiera Mena|248840
Ya No Quieras Comprenderlo Todo|Javiera Mena|244946
La Risa Lenta|Javiera Mena|257254
Necesito Cambiar|Dapuntobeat|216293
Novias|El Guincho|206686
La Vida No Es Eterna|Javiera Mena|273995
Nubes de Fuego|LOS PILOTOS|282950
Sunset Lover|Petit Biscuit|238907
Light It Up - Remix|Major Lazer|166138
Roses|The Chainsmokers|225813
Something Just Like This|The Chainsmokers|247160
Closer|The Chainsmokers|245507
Jump|Van Halen|239560
Overtime|Cash Cash|246447
Middle|DJ Snake|220573
Firestone (feat. Conrad Sewell)|Kygo|273684
It Ain't Me|Kygo|220773
First Time|Kygo|194333
Stay|Zedd|210091
The Summer Is Magic (Remix Edit)|Fuff|163929
Cake By The Ocean|DNCE|219147
Set Me Free|Diplo|196010
My Life Be Like(Grits)|L. Starz|185915
Run Free|Deep Chills|170562
No Type|Rae Sremmurd|200080
Dancin (feat. Luvli) - Krono Remix|Aaron Smith|198053
Baby I'm Yours - feat. Irfane|Breakbot|215507
Perfect Strangers|Jonas Blue|196613
No Promises (feat. Demi Lovato)|Cheat Codes|223504
Let Me Love You|DJ Snake|205947
More Than You Know|Axwell /\ Ingrosso|203000
Sun Is Shining|Axwell /\ Ingrosso|254653
Solo (feat. Demi Lovato)|Clean Bandit|222707
This Girl (Kungs Vs. Cookin' On 3 Burners)|Kungs|195547
Rattle - Original Mix|Bingo Players|287184
There's Nothing Holdin' Me Back|Shawn Mendes|199440
Attention|Charlie Puth|208787
I'm the One (feat. Justin Bieber, Quavo, Chance the Rapper & Lil Wayne)|DJ Khaled|288600
Thunder|Imagine Dragons|187147
Shape of You|Ed Sheeran|233713
Feels (feat. Pharrell Williams, Katy Perry & Big Sean)|Calvin Harris|223413
Fast Car|Jonas Blue|212424
Wolves|Selena Gomez|197993
Galway Girl|Ed Sheeran|170827
Final Song|MØ|235827
Hear Me Now|Alok|194840
Let Me Go (with Alesso, Florida Georgia Line & watt)|Hailee Steinfeld|174800
Paper Planes|M.I.A.|205200
Never Be Alone|TheFatRat|260000
Limitless|Elektronomia|244692
Revolution|Diplo|263716
Cold Water|Major Lazer|185360
Audio|Sia|203400
Stole the Show|Kygo|223187
Complicated (feat. Kiiara)|Dimitri Vegas & Like Mike|184248
On & On|Cartoon|207069
Why We Lose|Cartoon|197486
Animals|Maroon 5|231013
I'd Love To Change The World - Matstubs Remix|Jetta|189973
All We Know|The Chainsmokers|194080
Let Me Hold You (Turn Me On)|Cheat Codes|162425
Lush Life|Zara Larsson|201122
Waiting For Love|Avicii|230613
Hundred Miles|Yall|172413
Hymn for the Weekend|Coldplay|258827
So Far Away (feat. Jamie Scott & Romy Dya)|Martin Garrix|183637
Rolling in the Deep|Adele|228293
Ocean (feat. Khalid)|Martin Garrix|216420
IDGAF|Dua Lipa|217947
The Spark|Afrojack|240893
Only Girl (In The World)|Rihanna|235853
One Dance|Drake|173987
Worth It|Fifth Harmony|224573
Secrets|OneRepublic|224693
Turn Me On (feat. Nicki Minaj)|David Guetta|199680
Five More Hours - Deorro x Chris Brown|Deorro|211975
Somebody Else|Zonoma|200590
Attention|Charlie Puth|211475
Hunter|Galantis|183229
Stay (with Alessia Cara)|Zedd|210091
Do You Mean (feat. Ty Dolla $ign & bülow)|The Chainsmokers|193176
The Heart Wants What It Wants|Selena Gomez|227360
No Vacancy (feat. Amir)|OneRepublic|223863
Under Control|Calvin Harris|184280
Make It Right|Armin van Buuren|199512
Sugar|Maroon 5|235493
House Of Cards (feat. Sidnie Tipton)|KSHMR|188652
Flames|David Guetta|194680
Liquid Blue|The.madpix.project|228565
We Found Love|Rihanna|215227
When The Sun Goes Down|The.madpix.project|234000
Let Me Love You|DJ Snake|205947
Bad Chick|The.madpix.project|292093
Poker Face|Lady Gaga|237400
How Long|Charlie Puth|198237
Diamonds|Rihanna|225147
Love Me Harder|Ariana Grande|236133
Waste It On Me (feat. BTS)|Steve Aoki|192537
Colors (feat. Andreas Moe)|Hardwell|240938
Animals|Maroon 5|231013
Would I Lie to You - Radio Edit|David Guetta|197648
Demons|Imagine Dragons|175200
Ten Feet Tall|Afrojack|229149
Show Me the Way - Radio Edit|The.madpix.project|232500
Moves Like Jagger - Studio Recording From The Voice Performance|Maroon 5|201493
Play Hard (feat. Ne-Yo & Akon) - New Edit|David Guetta|208845
I Gotta Feeling|The Black Eyed Peas|289133
Timber (feat. Ke$ha)|Pitbull|204160
DJ Got Us Fallin' In Love (feat. Pitbull)|Usher|214280
Sweat (Snoop Dogg vs. David Guetta) - David Guetta Remix|Snoop Dogg|196453
Party Rock Anthem|LMFAO|262147
Little Bad Girl (feat. Taio Cruz & Ludacris)|David Guetta|192276
Talk Dirty (feat. 2 Chainz)|Jason Derulo|177685
Treat You Better|Shawn Mendes|187973
There for You|Martin Garrix|221904
Follow Me (feat. Jason Derulo)|Hardwell|199849
Wish You Were Here - Radio Edit|The.madpix.project|270720
Together|Martin Garrix|221274
Mandy|Ian Storm|176853
when u come around|Jay-C|185729
Into Your Arms|Kxa|187103
Solo Dance|Martin Jensen|174933
Don't Wanna Know|Maroon 5|214480
I Feel It Coming|The Weeknd|269187
Shot Me Down (feat. Skylar Grey) - Radio Edit|David Guetta|191412
Lady (feat. Pitbull)|Austin Mahone|211278
By Your Side|Jonas Blue|201254
Shed a Light|Robin Schulz|191379
Counting Stars|OneRepublic|257267
Mercy|Shawn Mendes|208733
Bad (feat. Vassy) - Radio Edit|David Guetta|170625
I Like That|Janelle Monáe|200338
Pynk (feat. Grimes)|Janelle Monáe|240426
Make Me Feel|Janelle Monáe|194230
Django Jane|Janelle Monáe|193506
Tightrope (feat. Big Boi) - Big Boi Vocal Edit|Janelle Monáe|262587
We Are Young (feat. Janelle Monáe)|fun.|250627
Q.U.E.E.N.|Janelle Monáe|310480
Yoga|Janelle Monáe|217679
Cold War|Janelle Monáe|203627
Venus Fly|Grimes|225735
Primetime|Janelle Monáe|280080
Gabby|The Internet|212080
Oh, Maker|Janelle Monáe|226253
Many Moons - EP Version|Janelle Monáe|327520
Electric Lady|Janelle Monáe|308893
Safari|Jidenna|245027
Dance or Die (feat. Saul Williams)|Janelle Monáe|192507
Sincerely, Jane - EP Version|Janelle Monáe|331040
Dance Apocalyptic|Janelle Monáe|205200
Lettin Go! (Album Version)|Janelle Monáe|269187
Locked Inside|Janelle Monáe|256813
Violet Stars Happy Hunting! (feat. The Skunks) - EP Version|Janelle Monáe|193573
We Were Rock and Roll|Janelle Monáe|259467
The Kids (feat. Janelle Monáe)|B.o.B|206907
Faster|Janelle Monáe|199267
Mr. President - EP Version|Janelle Monáe|299680
Can't Live without Your Love|Janelle Monáe|234480
Jalapeño|Janelle Monáe|170867
Fashion (feat. Janelle Monáe)|Paolo Nutini|186213
Cybertronic Purgatory - EP Version|Janelle Monáe|95013
Do My Thing|Estelle|208227
Isn't This The World|Janelle Monáe|252000
Call The Law - Main Version - Explicit|OutKast|291573
Smile - EP Version|Janelle Monáe|238640
Pressure Off (feat. Janelle Monáe and Nile Rodgers)|Duran Duran|261135
What Is Love|Janelle Monáe|212293
Sweet Life|Jeezy|251133
Hum Along And Dance (Gotta Get Down)|Janelle Monáe|183267
In Your Dreams - Main Version - Explicit|OutKast|214600
Be Still|Big Boi|310253
Heroes|Janelle Monáe|199680
A Sky Full of Stars|Coldplay|268467
Adventure of a Lifetime|Coldplay|263787
Slide (feat. Frank Ocean & Migos)|Calvin Harris|230813
Lean On (feat. MØ & DJ Snake)|Major Lazer|176561
Light It Up (feat. Nyla & Fuse ODG) [Remix]|Major Lazer|166138
Cold Water (feat. Justin Bieber & MØ)|Major Lazer|185352
My Love (feat. Major Lazer, WizKid, Dua Lipa)|Wale|228707
Know No Better (feat. Travis Scott, Camila Cabello & Quavo)|Major Lazer|225850
Be the One|Dua Lipa|202915
Mask Off|Future|204600
In My Feelings|Drake|217925
God's Plan|Drake|198973
Stargazing|Kygo|236853
This Town (feat. Sasha Sloan & Gucci Mane) - Gucci Mane Edit|Kygo|202267
Safe And Sound|Capital Cities|192790
Kangaroo Court|Capital Cities|223187
Would You Ever|Skrillex|234286
HUMBLE. - SKRILLEX REMIX|Skrillex|156800
Purple Lamborghini (with Rick Ross)|Skrillex|215510
To Ü (feat. AlunaGeorge)|Jack Ü|237000
Take Ü There (feat. Kiesza)|Jack Ü|210000
Febreze (feat. 2 Chainz)|Jack Ü|214400
Like I Do|David Guetta|202500
FRIENDS|Marshmello|202621
Everyday|Logic|204747
Alone|Marshmello|273803
You Can Cry|Marshmello|194533
Paralyzed|Marshmello|219718
The Weekend - Funk Wav Remix|SZA|171806
Options|Mr. Pig|188889
Malibu|Miley Cyrus|231907
Coming Over|Dillon Francis|178333
Get Low|Dillon Francis|212773
Drunk All the Time (feat. Simon Lord)|Dillon Francis|227893
Kiwi|Fanvel|188808
Liquid Blue - Radio Edit|Papa Wave|208000
Me, Myself & I - Viceroy Remix|G-Eazy|221280
Call On Me - Ryan Riback Remix|Starley|222000
Sweet Lies (Featuring Sam Gray)|SOLANO|206120
Light|San Holo|239853
Deixe-Me Ir - LIVA Remix|1Kilo|285261
Lean On (feat. MØ & DJ Snake) - Tiësto & MOTi Remix|Major Lazer|296350
Coastline (feat. Hollow Coves)|Liu|182521
No Lie|Sean Paul|221176
lift me from the ground|San Holo|260903
We Rise|San Holo|266483
Lines of the Broken|DROELOE|220800
One Dance|Drake|173987
What Lovers Do (feat. SZA)|Maroon 5|199849
Passionfruit|Drake|298941
She Will Be Loved - Radio Mix|Maroon 5|259453
Maps|Maroon 5|189960
Yellow|Coldplay|266773
Fix You|Coldplay|295533
Viva La Vida|Coldplay|242373
Somebody Else|The 1975|347526
Controlla|Drake|245227
You're On (feat. Kyan)|Madeon|192720
Symphony (feat. Zara Larsson)|Clean Bandit|212459
I Miss You (feat. Julia Michaels)|Clean Bandit|205748
Veridis Quo|Daft Punk|345187
Around the World|Daft Punk|429533
Lose Yourself to Dance|Daft Punk|353893
Get Lucky (feat. Pharrell Williams & Nile Rodgers) - Radio Edit|Daft Punk|248413
Get Lucky|Daft Punk|369627
Wake Me Up|Avicii|247427
Without You (feat. Sandro Cavazza)|Avicii|181673
Lonely Together (feat. Rita Ora)|Avicii|181812
The Nights|Avicii|176658
You Make Me|Avicii|233347
For A Better Day|Avicii|206067
Addicted To You|Avicii|148387
Talk To Myself|Avicii|235800
Aerodynamic|Daft Punk|212547
Digital Love|Daft Punk|301373
Harder, Better, Faster, Stronger|Daft Punk|224693
Sweet Dreams (Are Made of This) - Remastered|Eurythmics|216933
Here Comes the Rain Again - Remastered Version|Eurythmics|294587
Blue Savannah|Erasure|259800
A Little Respect (Remastered 2009)|Erasure|213987
Oh L'Amour|Erasure|187613
Love to Hate You|Erasure|235960
It's a Sin - 2001 Remaster|Pet Shop Boys|300293
Always on My Mind|Pet Shop Boys|234907
Go West - 2003 Remaster|Pet Shop Boys|304080
Big in Japan|Alphaville|286160
Relax|Frankie Goes To Hollywood|236787
Hungry Like the Wolf - 2009 Remaster|Duran Duran|220627
Take on Me|a-ha|225280
Enjoy the Silence|Depeche Mode|253587
Just Can't Get Enough|Depeche Mode|220893
Personal Jesus|Depeche Mode|225040
The Look|Roxette|237320
All That She Wants - Remastered|Ace of Base|211213
The Sign|Ace of Base|191240
Can't Get Over You|KVSH|142439
Bottles|Jacala|155587
Cradles|Sub Urban|209829
Tear in My Heart|Twenty One Pilots|188493
Congratulations|pewdiepie|248354
The Git Up|Blanco Brown|200594
Right Now|Confetti|153202
Panini|Lil Nas X|114893
Way Down We Go|KALEO|213707
Mister Glassman|Scotty Sire|221707
High Hopes|Panic! At The Disco|190947
Old Town Road|Lil Nas X|113013
Cutting Shapes|Don Diablo|179048
I've Been Waiting (w/ ILoveMakonnen & Fall Out Boy)|Lil Peep|233613
Jackie Chan|Tiësto|215760
Wassup (Listen To The Horns)|Timmy Trumpet|168856
Too Close|Prismo|201862
Get You The Moon (feat. Snøw)|Kina|179080
Fire Blazing|Dropgun|140571
Rob A Bank|Confetti|173684
People Suck|Confetti|248000
When I Grow Up|Confetti|168931
Ghost|Confetti|169413
You?|Two Feet|168613
Sex (Let's Talk About Sex)|Bleeke|230217
In Your Head|Mike Vallas|171735
I'll Be There For You|Silent Child|151742
Cradles|Besomorph|138000
make daddy proud|blackbear|208235
Mine All Day|pewdiepie|250898
Night Riders (feat. Travi$ Scott, 2 Chainz, Pusha T & Mad Cobra)|Major Lazer|233333
do re mi|blackbear|212027
hot girl bummer|blackbear|185093
Dear God|Confetti|202258
i miss the old u|blackbear|211128
chateau|blackbear|212927
Bitch Lasagna|pewdiepie|134417
Tongue Tied (with YUNGBLUD & blackbear)|Marshmello|186024
goosebumps|Travis Scott|243837
Candy|Doja Cat|190920
Walls Could Talk|Halsey|101790
Ocean Eyes - Blackbear Remix|Billie Eilish|195307
Run Wild|Thutmose|159474
Revolution - Remix|Sean&Bobo|235154
GIANTS|True Damage|191720
Devil Eyes|Hippie Sabotage|131272
Middle Finger|Bohnes|229986
Blood // Water|grandson|216721
Stronger|Prismo|212576
Morph|Twenty One Pilots|258853
GRRRLS|AViVA|228904
Crocodile Tears|Unlike Pluto|168639
On My Mind|Nexy|147000
goodbye|updog|178759
tired of my life|updog|132414
Ghosts|Jacob Tillberg|215050
Bury Me Low|8 Graves|217010
Riptide|Unlike Pluto|193973
Hot|Confetti|150714
Deadroses|blackbear|184636
Thief|Ansel Elgort|220680
Pull Up|MEMBA|216698
Wing$|Macklemore & Ryan Lewis|299600
parents|YUNGBLUD|171880
Supposed to Be|Sangarang|137484
Chanel|Frank Ocean|210285
BOOM|X Ambassadors|164587
XO Tour Llif3|Lil Uzi Vert|182707
Silly of Me|8 Graves|211766
The Other Side Of Paradise|Glass Animals|320654
Little Poor Me|Layto|198857
yes & no|XYLØ|178983
Birthday Suit|Cosmo Sheldrake|80407
ROXANNE|Arizona Zervas|163636
Rock Bottom|grandson|219207
Lottery (Renegade)|K CAMP|170947
Movements|Pham|208671
FML|Arizona Zervas|222961
SLOW DANCING IN THE DARK - Loud Luxury Remix|Joji|176414
like that|Bea Miller|185547
Everyday|A$AP Rocky|260987
I|Lil Skies|181891
so sad|Mike Vallas|169079
Clockwise|Alexander Lewis|218624
The Wall|Alok|159500
i wanna be your girlfriend|girl in red|204991
Are We Cool?|Mike Vallas|188187
Layaway|Alexander Lewis|209955
Youngblood|5 Seconds of Summer|203418
Falling|Trevor Daniel|159382
World In My Eyes - 2006 Remastered Version|Depeche Mode|267040
Hold On|French 79|256008
Dreamer|Four Tet|202681
Delorean Dynamite|Todd Terje|405933
Office Politics|The Divine Comedy|242080
Moving in Stereo|The Cars|286107
5 8 6 - Live|New Order|321773
The Long Run|Llewellyn|464644
Rebel, Rebel|Shaun Cassidy|248314
BB's Theme|Ludvig Forssell|316520
Runnin' Down a Dream|Isobel Campbell|207280
Swing Tree|Discovery|158133
Million Dollar Doll|Britta Phillips|220667
These Days (Don't Make Me Wait)|Llewellyn|373427
Electric Blue|Satin Jackets|267309
La forêt|Lescop|284508
Casina|Run River North|209351
Don't Stop The Rock|Freestyle|330693
Lake Zurich|Gorillaz|253627
Quiet Life|Japan|289160
Designs for You|Phantoms|229360
Night Sweats|Lloyd Cole|379228
America Online|The Midnight|349706
Denise, Don’t Wanna See You Cry|Night Moves|229827
A Dream Away - Remastered|The Cars|340200
I Need a Connection|Jane Weaver|466693
This Island Earth|Bryan Ferry|295933
Cello Song Feat. Jose Gonzales|The Books|234107
Rest|Charlotte Gainsbourg|218720
Are ‘Friends’ Electric?|Gary Numan|325200
Chemistry - Llewellyn's Retouch|Jennifer Touch|366313
Amanda Lear|Baustelle|264360
The Drone Racing League|Gunship|281080
Drives|Sid Luscious and The Pants|270493
Metropolis - 2009 Remastered Version|Kraftwerk|361107
Get The Balance Right! - Combination Mix|Depeche Mode|478208
Alles|COMPUTER DATA|439190
Wave|The Midnight|271531
Let Me Go|Heaven 17|262507
Recto Verso|Paradis|383933
Telegraph|Orchestral Manoeuvres In The Dark|177827
Blue Girl|Chromatics|256120
In The Face Of Evil|Magic Sword|409000
Journal of Ardency|Class Actress|225233
30'000 Days|Yello|245347
Perfect Machine|Herbie Hancock|395440
Motorcycle Cop|Power Glove|265280
West End Girls - 2001 Remaster|Pet Shop Boys|245360
Fleur de Lys|Phoenix|223533
Venq Tolep - Hit Club Version|Robag Wruhme|384599
Implant|Makeup And Vanity Set|257176
Telecommunication|A Flock Of Seagulls|151707
Bombs Away|Charlotte Gainsbourg|227627
Black Blood Red Kiss|Gunship|336413
Children of the New Dawn|Jóhann Jóhannsson|331467
Midnight Drivn|Luscious-235|247920
Milk Run|Mitch Murder|122479
Salton Sea|Josh Rouse|238800
4am (The Fauns Remix)|Power Glove|216473
Tilted|Christine and the Queens|233247
Thrasher|Gunship|315080
Souvenir - Remastered 2003|Orchestral Manoeuvres In The Dark|219507
Pleasure|Baxter Dury|142225
Le perv|Carpenter Brut|256000
Los Ageless|St. Vincent|281347
Corrupted by Design|Perturbator|286784
Real Thing|Stars|214160
Futureland|Sonic Mayhem|363707
Tail Lights|Makeup And Vanity Set|96000
Kilometer (Aeroplane 'Italo 84' Remix)|Sébastien Tellier|340947
Dust|"MOON"|302400
Paris (Aeroplane Remix)|Friendly Fires|465333
Remember When|Mitch Murder|366064
SILHOUETTE|Lorn|233275
Turbo Killer|Carpenter Brut|208973
VHS Sex|Com Truise|265133
Leather Teeth|Carpenter Brut|232947
Palmer's Arcade|Mitch Murder|337457
The Arcane Arts|Arcis|172109
Drive-by Stalking|Nightstop|320000
Black Waves|Lost Years|296000
Overpowered|Róisín Murphy|309173
T69 collapse|Aphex Twin|322841
Interceptor|Mitch Murder|269488
Georgia - 2003 Digital Remaster|Orchestral Manoeuvres In The Dark|204440
Light in Darkness|YELLOW MAGIC ORCHESTRA|220067
Ocean (feat. Dave Gahan)|Goldfrapp|242827
Fault Line|Loom:ngs|180920
stakra|Ryuichi Sakamoto|221192
I Believe|Simian Mobile Disco|196280
Hand Hold Hero|Laura Marling|326061
Psychic Driving|Soft Metals|277803
Tech Noir|Gunship|297432
Become The One|Goldfrapp|284061
Severed|The Decemberists|243800
First Day on the Job|Paul Haslinger|76067
Magazine|Hajk|237213
tonite|LCD Soundsystem|347347
Mastermind|Róisín Murphy|395538
My Way|Calvin Harris|219160
Perfect Strangers|Jonas Blue|196613
Fast Car|Jonas Blue|212424
Can't Hold Us - feat. Ray Dalton|Macklemore & Ryan Lewis|258343
Thrift Shop (feat. Wanz)|Macklemore & Ryan Lewis|235613
Girls Like You (feat. Cardi B)|Maroon 5|235545
Don't You Worry Child - Radio Edit|Swedish House Mafia|212862
Just Can’t Get Enough|The Black Eyed Peas|219427
One More Night|Maroon 5|219547
The Scientist|Coldplay|309600
Treat You Better|Shawn Mendes|187973
Payphone|Maroon 5|231173
Clocks|Coldplay|307880
Let's Get It Started|The Black Eyed Peas|227880
In My Place|Coldplay|226680
Red Lights|Tiësto|262200
Memories (feat. Kid Cudi)|David Guetta|210093
Heroes (we could be)|Alesso|210013
Open Wide|Calvin Harris|187547
One Kiss (with Dua Lipa)|Calvin Harris|214847
Waves - Robin Schulz Radio Edit|Mr. Probz|208133
A Sky Full of Stars - Robin Schulz Edit|Coldplay|195160
Reload - Vocal Version / Radio Edit|Sebastian Ingrosso|221273
Headlights (feat. Ilsey)|Robin Schulz|209208
Years|Alesso|195480
Pressure (Alesso Remix) [feat. Nadia Ali]|Alex Kenji|299173
City Of Dreams - Radio Edit|Dirty South|226867
Pompeii - Audien Remix|Bastille|352969
Forbidden Voices|Martin Garrix|230635
Calling (Lose My Mind) - Radio Edit|Sebastian Ingrosso|205440
Do Or Die - Afrojack vs. THIRTY SECONDS TO MARS Remix|Afrojack|278174
All of Me (Tiësto's Birthday Treatment Remix) - Radio Edit|John Legend|251613
Titanium (feat. Sia) - Alesso Remix|David Guetta|403810
Heartbeat|Claptone|329538
No Eyes - Radio Edit|Claptone|204992
Liquid Spirit - Claptone Remix|Gregory Porter|383552
Under the Moon|Claptone|194387
Puppet Theatre|Claptone|254641
La Esperanza|Claptone|193293
Save Me (feat. MKLA)|Vintage Culture|193548
Goodnight Goodnight|Maroon 5|243320
Rude|MAGIC!|224840
With Or Without You - Remastered|U2|295516
SOS (feat. Aloe Blacc)|Avicii|157202
Save The World|Swedish House Mafia|213338
Don't Wake Me Up|Chris Brown|222307
Catch & Release - Deepend Remix|Matt Simons|195173
Show Me Love - EDX Remix / Radio Edit|Sam Feldt|180336
Tuesday (feat. Danelle Sandoval)|Burak Yeter|241875
Thinking About You (feat. Ayah Marar)|Calvin Harris|247933
I Feel So Bad|Kungs|206960
I Wanna Know - Alesso & Deniz Koyu Remix|Alesso|326960
Por Ti|Belanova|216333
Baila Mi Corazón|Belanova|217733
Luna|Belanova|215880
No Hay Palabras|Mœnia|371453
Sólo Para Mí|Belanova|214027
A Donde|Sentidos Opuestos|249827
La Fuerza Del Destino|Fey|296827
Mariposas|Belanova|227947
Rosa Pastel|Belanova|185920
No Dices Mas|Mœnia|255733
Niño|Belanova|211280
Tus Ojos|Belanova|180960
No Me Importa Nada|Byte|222960
Ni Tú Ni Nadie|Mœnia|219533
Quedate feat. LouisaFer (Radio Edit)|Cesar Vilo|254041
Secreto Perfecto|Jotdog|180488
El Eco de Tu Voz|Playa Limbo|183533
Tania|Fase|247507
Sea Lo Que Sea Será - feat. Miguel Bosé [Original Mix]|Above & Beyond|359493
Me Pregunto|Belanova|187547
Turista del Amor|Jotdog|241000
El Beso|Jotdog|217640
Las Pequeñas Cosas|Jotdog|232320
Hasta Contar a Mil|Jotdog|204427
No Me Voy A Morir|Belanova|243013
Perdóname|Jotdog|236280
Sucédeme|Jotdog|238027
Piensa en Mí|Jotdog|230827
Aire|Ana Torroja|365160
Llegaste a Mi|Mœnia|201427
To My Love|Bomba Estéreo|239547
Hombre Lobo En París|Valeria|224932
A Fuego Lento|Valeria|220450
To My Love - Tainy Remix|Bomba Estéreo|251773
Hielo|Zoé|302840
Somos Dos|Bomba Estéreo|237293
Palmar|Caloncho|192200
Te Voy a Dar|Pau Muro|194043
Nunca Es Tarde.|The Guadaloops|265546
Tu Luz|Azul Violeta|273267
De Repente|Soraya|247467
Por Estar Contigo|JEANS|212760
Horizonte de las Estrellas|Miguel Bosé|249373
Quisiera Adivinar|Mœnia|258280
No Importa Que el Sol Se Muera|Mœnia|229733
Tú y Yo|Motel|277750
Azúcar Amargo|Fey|281520
Historias (feat. Chela Rivas) - Original Mix|Tony Dark Eyes|213999
Historias (feat. Chela Rivas) - Extended Mix|Tony Dark Eyes|281904
Bailando - Jose Spinnin Cortes Remix|Chela|490057
En Algún Momento|Ulises Hadjis|188317
TBC|Ragazzi|241800
No me importa nada|Luz Casal|247680
No Puedo Estar Sin Ti|Mœnia|212840
Manto Estelar|Mœnia|253000
Mis Impulsos Sobre Ti - Remastered|Aleks Syntek|274227
No Dices Mas|Mœnia|259800
La Calle De Las Sirenas|Kabah|236160
Amor De Papel|Sentidos Opuestos|248227
Pepe|JEANS|197627
Quedate feat. LouisaFer (Original Mix)|Cesar Vilo|390791
Como un lobo (Dueto 2007)|Miguel Bosé|211973
Aire soy (feat. Ximena Sariñana)|Miguel Bosé|248049
Juegos de Amor|Mœnia|223933
Enséñame|Morbo|222960
Hoy|Morbo|248093
Se Me Acaba|Morbo|232973
Falaz|Morbo|274667
Lejos de Ti|María Barracuda|312293
Dame la Luna|María Barracuda|220275
Labios Rotos - Live|Zoé|243040
No Es Lo Mismo|Morbo|192960
No Me Encontré|Morbo|267147
Por Ti|Morbo|206520
Tengo De Ti|Morbo|212693
No Te Puedo Olvidar|Camilo Séptimo|278272
I Ran (So Far Away) - Re-Recorded|A Flock Of Seagulls|302258
Solidarity|Angelic Upstarts|306507
Strange|Interfront|245160
Metalhammer|And One|322667
The Fashion Party|The Neon Judgement|314640
Do You Really Want Me Back?|Broken English|269280
Running|Information Society|466800
Nowhere Girl (Extended)|B-Movie|388013
"""This Is Seagull…."""|The Snake Corps|238227
Beds Are Burning - Remastered|Midnight Oil|258173
A Question of Time - Remix|Depeche Mode|245733
Headhunter V1.0|Front 242|302640
All Night Long - (Remastered)|Peter Murphy|340507
Send Me An Angel|Real Life|236547
What Will I Do|Timmy T|248173
Johnny And Mary|Robert Palmer|237973
Flesh|A Split Second|169839
Big in Japan - Best of-Version|Alphaville|235200
Tarzan Boy|Baltimora|230027
Sunday Morning|The Bolshoi|393667
Away|The Bolshoi|295360
Eisbaer|Groovezone|269386
The Wild Boys|Duran Duran|257600
Somebody|Escape With Romeo|331267
Rock Me Amadeus - The Gold Mix|Falco|201467
Are 'Friends' Electric?|Gary Numan / Tubeway Army|325200
Hey Little Girl (Single Mix) - Remastered|ICEHOUSE|220027
Great Southern Land - Remastered|ICEHOUSE|317760
Relax|Frankie Goes To Hollywood|443480
Golden Dreams|Invisible Limits|295000
Fantasy Girl|Johnny O.|474333
Major Tom - Coming Home|Peter Schilling|301373
Terra Titanic|Peter Schilling|274706
Something Good|Paul Haig|205520
Es Imposible No Puede Ser|Megabeat|257813
Blue Monday - 2011 Total Version|New Order|449907
Bizarre Love Triangle|New Order|263213
I Promised Myself|Nick Kamen|240773
Enola Gay|Orchestral Manoeuvres In The Dark|212573
Song To The Siren (Remastered)|This Mortal Coil|211093
The One I Love - Remastered|R.E.M.|197800
Painted Moon (Blues Mix)|The Silencers|397027
Don't You (Forget About Me) - Remastered|Simple Minds|263973
Love Song|Simple Minds|304042
Don't You Want Me|The Human League|236920
Diamonds - Radio Edit|Hard Rain London|238678
A Mirage|The Essence|193293
Always The Sun - Sunny Side Up Mix|The Stranglers|243053
Personal Jesus|Depeche Mode|294893
Big Area|Then Jerico|289933
Vagabonds|New Model Army|260773
The Promise|When In Rome|220960
The Sparrows And The Nightingales|Wolfsheim|405291
It Hurts (There Must Be a Taste of Murder in It)|The Lotus Eaters|358520
Poem Without Words 2 - Journey By Night|Anne Clark|215693
Let Your Body Learn|Nitzer Ebb|168640
The Motive - Greg Walsh Remix|Then Jerico|386506
There Is a Light That Never Goes Out|The Smiths|242907
So Alive|Love and Rockets|257827
More Than This|Roxy Music|272857
Tainted Love|Soft Cell|160400
Down Under|Men At Work|219293
The Stand|Joolz|318960
Bedsitter|Soft Cell|215333
Just Like Heaven|The Cure|212827
"Uncertain Smile - Original 7"" Version 1982"|The The|295760
Never Let Me Down Again|Depeche Mode|288000
Change|Tears For Fears|254853
Electricity|Orchestral Manoeuvres In The Dark|212293
Unsafe Building - Electric|The Alarm|265480
It's My Life|Talk Talk|233453
Love Will Tear Us Apart - 2010 Remaster|Joy Division|204621
Just Can't Get Enough - 2006 Digital Remaster|Depeche Mode|222540
Serious|UV Pop|230240
Immaculate Fools|Immaculate Fools|270667
Everything Counts - 2006 Digital Remaster|Depeche Mode|240884
Alive And Kicking - Remastered 2002|Simple Minds|326120
Boys Don't Cry|The Cure|160413
My Bag|Lloyd Cole and the Commotions|235893
Presence Of Love|The Alarm|243720
Our Darkness|Anne Clark|317552
A Little Respect - 2009 Remastered Version|Erasure|213987
V. Thirteen|Big Audio Dynamite|278893
Hey Little Girl|ICEHOUSE|256893
Everybody Wants To Rule The World - Extended Version|Tears For Fears|340582
Smalltown Boy|Bronski Beat|303307
Get The Balance Right! - Combination Mix|Depeche Mode|475600
I Melt With You|Modern English|233027
You|Boytronic|433240
If I Ever Fall In Love|Somewhere over England|222267
Tinseltown in the Rain|The Blue Nile|357827
Sister Golden Hair|Spanic|227726
The More You Live, The More You Love|A Flock Of Seagulls|249107
Such a Shame|Talk Talk|257627
Love Will Tear Us Apart - Live at Bestival 2012|New Order|326760
Dreaming of Me|Depeche Mode|224200
Leave in Silence - 2006 Remaster|Depeche Mode|289173
My Darling Bullet|Freakangel|260227
Dreckstück|Centhron|282347
Femme Fatale|Agonoize|304973
Wahre Liebe|Agonoize|261613
Klingen|Nachtmahr|262053
Hard Bass Hard Soundz|X-RX|269640
Kein Herz|X-RX|252160
Straftanz|Straftanz|290147
Winter Born (This Sacrifice)|The Crüxshadows|381133
Never Wanted to Dance|Mindless Self Indulgence|188960
Military Fashion Show|And One|268067
Miststück|Megaherz|210053
Control|VNV Nation|350093
Space & Time|VNV Nation|292493
Delight|Solitary Experiments|268707
Rise and Fall - Colony 5 Remix|Colony 5|316160
God Is In The Rain|Suicide Commando|329747
Over And Done|Deine Lakaien|314259
Stars|Solitary Experiments|339107
Murderous Trap|Frozen Plasma|317147
The Art of Suicide|Emilie Autumn|332440
Steine sind Steine|And One|241413
Atemlos|[:SITD:]|397093
Over And Done|Deine Lakaien|266213
Glowstix, Neon & Blood|Incubite|272893
War On Error - Declaration|Rotersand|274920
God Is Art|Shiv-R|257133
Never Wanted To Dance (Combichrist Electro Hurtz Mix)|Mindless Self Indulgence|291507
Mädchen in Unform (Faderhead Remix)|Nachtmahr|233387
Cold Massive Blue|Wynardtage|371387
God & Country|FGFC820|296200
Staatsfeind|Agonoize|273640
Ersatzteil|Feindflug|310333
Periculär (Richtfest II)|[:SITD:]|395827
The Noise Inside My Head|Assemblage 23|256973
Harsh Generation|Grendel|234987
Ein Spiel (Fabrik-C Remix)|Nachtmahr|303107
Robuste Maschine|Reaper|264440
Illusion|VNV Nation|286960
Destillat - VNV Nation Remix|Das Ich|367573
Wir trauen uns was|Hertzinfarkt|192053
Such mich find mich|OOMPH!|210013
Ich muss gar nix|Grossstadtgeflüster|184267
Verschwende Deine Jugend - 1998 Digital Remaster|DAF|229440
Der Mussolini - 1998 - Remaster|DAF|235107
Koprolalie|Agonoize|286948
Immortal - Single Edit|Solitary Experiments|243427
The Only One|Culture Kultur|413547
Besser du rennst|Subway To Sally|246267
Roter Stern|Centhron|334480
Warmongers|Frozen Plasma|309011
Tanz die Revolution (Der Single Mix)|Frozen Plasma|286000
A Generation of the lost|Frozen Plasma|335933
Destroy Me|Unter Null|221693
Such a Shame|Talk Talk|266867
Tainted Love|Soft Cell|156317
Dark Allies|Light Asylum|361680
Enjoy The Silence 2004|Depeche Mode|213453
Sounds Like a Melody|Alphaville|285360
True Life - Vnv Nation Remix|Lights Of Euphoria|416893
Wildes Herz|Down Below|214120
Dein Anblick|Schandmaul|368267
Dead Market|Haujobb|237720
Sieben|Subway To Sally|206289
Ich bin ein wahrer Satan|ASP|355213
Sandmann|OOMPH!|229181
Our Darkness|Anne Clark|321560
Manus Manum Lavat|Saltatio Mortis|224653
Running Up That Hill|Placebo|294093
Last Dance|Covenant|378120
Lebensborn - Update|[:SITD:]|337453
Silver Bombs|[:SITD:]|335627
Retaliate|VNV Nation|282827
Love Will Tear Us Apart|Joy Division|206867
Tainted Love|Soft Cell|154907
24 Stunden - Original Mix|SAM|217653
Spit It Out|Aesthetic Perfection|341680
The Ones|Aesthetic Perfection|382813
Verrückt|Eisbrecher|201293
Kind von Traurigkeit|Unzucht|268467
Run To You|Code 64|267747
Strassen|Ascii.Disko|310347
Dream On|Depeche Mode|259867
Photographic|Depeche Mode|283413
Marian - Version|Sisters of Mercy|343133
A Flicker Of Hope|Wynardtage|307013
Should Be Higher|Depeche Mode|304653
Memories|CHROM|318333
Kleid Aus Rosen|Subway To Sally|297600
Seelenschmerz|Blutengel|333013
Alles oder Nichts|Subway To Sally|236720
Eulenspiegel|Saltatio Mortis|222213
Love Me To The End|Deine Lakaien|278200
Lieber sterben|Sündenklang|224263
Und wir tanzten (Ungeschickte Liebesbriefe)|ASP|306187
Gott noch nicht|Funker Vogt|228013
Schwanengesang|Xotox|203827
Self Control|Laura Branigan|247147
Never Can Say Goodbye|The Communards|285986
Like a Prayer|Madonna|342680
Party Like It's 1999|Soul&Roll|160625
Take On Me|a-ha|227147
Radio Ga Ga|Queen|349133
I Love Rock & Roll|Ken Clayton|174632
Dancing in the Dark|Bruce Springsteen|242533
99 Luftballons|Nena|233000
Bette Davis Eyes|Kim Carnes|224693
Africa|TOTO|260840
Uptown Girl|Billy Joel|194867
You're the Inspiration|Laura Tain|217547
I'm Walking on Sunshine|Carl Wave|232800
Don't Stop Believin'|Journey|248907
Love Bites|Luck Wallace|319098
Free Fallin'|Tom Petty|255680
Waiting for a Girl like You - Radio Edit; 2017 Remaster [Radio Edit]|Foreigner|274080
Tell It to My Heart|Taylor Dayne|220227
Jump (For My Love)|The Pointer Sisters|262618
Born to Be Alive|Toni Lo|189547
Karma Chameleon|Culture Club|252760
Manic Monday|The Bangles|184893
Eye of the Tiger|Survivor|245640
On the Road Again - Live|Willie Nelson|152267
Can't Fight This Feeling|REO Speedwagon|294773
Carry on My Wayward Son|Sebastián Mato|248000
Nothing's Gonna Stop Us Now|Starship|270333
Wake Me Up Before You Go-Go - Remastered|Wham!|232280
Walk Like an Egyptian|The Bangles|204707
Kiss|Prince|226240
Pour Some Sugar on Me|Ken Clayton|256833
Beat It - Single Version|Michael Jackson|258040
Time After Time|Cyndi Lauper|243067
You Spin Me Round (Like a Record)|Dead Or Alive|196800
Faith - Remastered|George Michael|193200
Every Breath You Take|The Police|251573
Is This Love|Luck Wallace|238977
Working 9 to 5|Soul&Roll|164607
TRUE - Single Edit|Spandau Ballet|328293
Material Girl|Madonna|240707
I Wanna Dance with Somebody (Who Loves Me)|Whitney Houston|291293
All Night Long (All Night) - Single Version|Lionel Richie|260427
Gimme Gimme Gimme (with Patti Austin)|Narada Michael Walden|281333
What a Feeling|Toni Lo|221147
You're My Heart You're My Soul|Laura Tain|263387
Funkytown|Lipps Inc.|238107
Never Ending Story|Limahl|211960
Chery Chery Lady|Toni Lo|209747
We Didn't Start the Fire|Carl Wave|264253
Welcome To The Jungle|Guns N' Roses|272027
Livin' On A Prayer|Bon Jovi|250627
Cherry Pie|Warrant|201027
Cryin'|Aerosmith|308267
Smells Like Teen Spirit|Nirvana|300827
Sweet Child O' Mine|Guns N' Roses|354520
Here I Go Again|Whitesnake|232800
Real Wild Child (I'm a Wild One)|Ken Clayton|179184
In The Army Now|Status Quo|281053
The Final Countdown|Europe|310427
Nothin' But A Good Time - Remastered 2006|Poison|223667
Rock You Like a Hurricane|Scorpions|255573
You Shook Me All Night Long|AC/DC|210173
Boys Don't Cry|The Cure|155973
Video Killed The Radio Star|The Buggles|252773
Kids In America|Kim Wilde|205533
Bizarre Love Triangle|New Order|263213
Venus|Bananarama|229165
All Out of Love|Air Supply|241373
Take My Breath Away|Berlin|264213
She Drives Me Crazy|Laura Tain|216133
Hard to Say I'm Sorry / Get Away - 2005 Remaster|Chicago|305960
Brothers In Arms|Dire Straits|424000
Your Song|Rebeca Marin|187520
Drive|The Cars|234400
Luka|Suzanne Vega|193400
Broken Wings|Mr. Mister|345840
Don't Let the Sun Go Down on Me|George Michael|346960
Wicked Game|Chris Isaak|286880
I Wanna Be with You Everywhere|Soul&Roll|154435
Fast Car|Tracy Chapman|296800
Heat Of The Moment|Asia|227627
(I Just) Died In Your Arms|Cutting Crew|280400
I Want to Know What Love Is - 1999 Remaster|Foreigner|304787
I'm Not Superstitious|Ken Clayton|278374
Listen to Your Heart|Roxette|328093
Right Here Waiting|Richard Marx|264333
You're Simply the Best|Carl Wave|249240
The Lady In Red|Chris de Burgh|256488
Home Sweet Home|Luck Wallace|220800
Careless Whisper|George Michael|300093
Never Gonna Give You Up|Rick Astley|212827
Girls Just Want to Have Fun|Cyndi Lauper|238267
Total Eclipse of the Heart|Bonnie Tyler|269787
If I Could Turn Back Time|Cher|239827
Missing You|John Waite|270573
We Belong|Pat Benatar|221133
Boogie in Zero Gravity - Extended Version|Black Strobe|406575
Dark Matter|Feathers|237120
Do You Believe (Original Mix)|Poolside|273067
Don't Come Close|Yeasayer|208747
Feel the Same|Battle Tapes|276853
From Nowhere - Baardsen Remix|Dan Croll|269596
Heart in the Pipes (KAUF Remix)|Tony Castles|294740
jasmine (demo)|Jai Paul|253612
Lucky Boy - Outlines Remix|DJ Mehdi|270440
Nowhere To Go|Nite Jewel|239253
Psychic City - Classixx Remix|YACHT|251381
Shine A Light - Flight Facilities Remix|The C90s|349963
Shooting Holes|Twin Shadow|209107
Sleepwalking|The Chain Gang Of 1974|218693
So Many Details|Toro y Moi|285986
Sometimes|Miami Horror|253729
The Set Up|Favored Nations|243120
In Real Life|The Ruby Suns|247293
Always|Panama|219052
One Girl / One Boy|!!!|243627
O.N.E.|Yeasayer|321013
The Drummer|Niki & The Dove|236680
Flutes|Hot Chip|424530
Hold On|Holy Ghost!|356667
Mesmerised|Scenic|223927
Crystalfilm|Little Dragon|289400
Pharaohs|SBTRKT|218147
New Beat|Toro y Moi|244547
When You're Out|Kauf|310685
Polish Girl|Neon Indian|264000
Truly Alive|Mitzi|307772
Strangers In The Wind|Cut Copy|283800
Heartbreak|Age of Consent|218875
Colours|Age of Consent|263387
Change Of Coast|Neon Indian|192733
Old Love / New Love|Twin Shadow|233067
High Pressure Dave|HEALTH|195467
Forget|Twin Shadow|230000
I Took A Pill In Ibiza - Seeb Remix|Mike Posner|199227
Middle|DJ Snake|220573
PILLOWTALK|ZAYN|203686
Raging|Kygo|224487
Here for You|Kygo|244510
Summer Air|ItaloBrothers|183587
Prayer in C - Robin Schulz Radio Edit|Lilly Wood and The Prick|189399
Reflections - Gryffin Remix|MisterWives|323040
Younger - Kygo Remix|Seinabo Sey|351579
Miami 82 - Kygo Remix|Syn Cole|341947
I Feel It Coming|The Weeknd|269187
Crazy (feat. Joie Tan)|TEEMID|274692
Dear Boy - Avicii By Avicii|Avicii|331093
Another Life|Afrojack|208689
It's You - Radio Edit|Syn Cole|211875
Let Me Hold You (Turn Me On)|Dante Klein|163841
All I Wanna Do|Martin Jensen|194360
Reality (feat. Janieck Devy) - Radio Edit|Lost Frequencies|158474
Talk About It|Mike Perry|164537
Dancing in the Headlights - Radio Edit|DJ Antoine|198060
Mama|Jonas Blue|181615
Call You Home - Faul & Wad Ad Remix|Kelvin Jones|271267
Summer on You|Sam Feldt|160009
Call Your Name|A.M.T|188134
Never Forget You|Zara Larsson|213428
The Spectre|Alan Walker|193788
You're the Best Thing About Me|U2|257867
This Town (feat. Sasha Sloan)|Kygo|202280
Sign|DEAMN|191560
Are You With Me - Radio Edit|Lost Frequencies|138843
Savannah|Diviners|208698
This Is My Year - Matoma Remix|FF5|187947
Riding Shotgun (feat. Bonnie McKee)|Kygo|198280
Sunrise (feat. Jason Walker)|Kygo|214827
Burn It Down|AtellaGali|201747
I Believe I'm Fine|Robin Schulz|227720
Stranger Things (feat. OneRepublic)|Kygo|221440
Tropic Love|Diviners|299440
Gravity (feat. Magga & Evokings)|Cat Dealers|274827
Blow Your Mind (Mwah)|Dua Lipa|178583
Safe And Sound|Capital Cities|192790
Believer|Imagine Dragons|204347
Let Me Love You|SJUR|208887
Ignite|Alan Walker|210288
Habits (Stay High)|Tove Lo|209160
Cool Girl|Tove Lo|199179
Criminals|Xuitcasecity|184563
Born To Be Yours|Kygo|193321
Young|The Chainsmokers|224773
Stay Young|Mike Perry|157005
The Nights - Felix Jaehn Remix|Avicii|200016
Lullaby|R3HAB|160184
Now That I've Found You|Martin Garrix|192632
Hotter Than Hell|Dua Lipa|187958
Last Dance|Dua Lipa|228976
Glitterball|Sigma|226308
Youngblood|5 Seconds of Summer|203418
Fade Away (feat. INNA)|Sam Feldt|170857
Here with You|Lost Frequencies|159545
The Middle|Zedd|184732
Be Like You - Dante Klein RMX|CVBZ|164750
Darkside|Alan Walker|211867
Can't Feel My Face|The Weeknd|213520
Cheap Thrills|Sia|211667
Hey Brother|Avicii|255093
Sorry|Justin Bieber|200787
Whistle|Flo Rida|224653
The Greatest|Sia|210227
Rolling in the Deep|Adele|228093
Hello|Adele|295502
Starboy|The Weeknd|230453
Whatcha Say|Jason Derulo|221253
Someone Like You|Adele|285240
Unforgettable|French Montana|233902
The Hills|The Weeknd|242253
Cold Water (feat. Justin Bieber & MØ)|Major Lazer|185352
What Do You Mean?|Justin Bieber|205680
Treasure|Bruno Mars|178560
I Like It|Cardi B|253390
Work|Rihanna|219320
Bang Bang|Jessie J|199387
Anaconda|Nicki Minaj|260240
New Rules|Dua Lipa|212000
Sexy And I Know It|LMFAO|199480
Hello|Martin Solveig|281430
Levels - Radio Edit|Avicii|199907
I Need A Dollar|Aloe Blacc|243053
What's My Name?|Rihanna|263173
The Monster|Eminem|250189
IDGAF|Dua Lipa|218173
Havana (feat. Young Thug)|Camila Cabello|217307
Wrecking Ball|Miley Cyrus|221360
See You Again (feat. Charlie Puth)|Wiz Khalifa|229526
Black and Yellow|Wiz Khalifa|217667
No Money|Galantis|191293
24K Magic|Bruno Mars|225983
Cheerleader - Felix Jaehn Remix Radio Edit|OMI|180566
Final Masquerade|Linkin Park|217613
Are You with Me|Lost Frequencies|138843
Scream & Shout|will.i.am|283400
BURN IT DOWN|Linkin Park|230253
It Girl|Jason Derulo|192200
thank u, next|Ariana Grande|207320
On The Floor - Radio Edit|Jennifer Lopez|230907
CASTLE OF GLASS|Linkin Park|205400
HUMBLE.|Kendrick Lamar|177000
Trumpets|Jason Derulo|217307
No Role Modelz|J. Cole|292987
Photograph|Ed Sheeran|258987
Say You Won't Let Go|James Arthur|211467
Love Me Again|John Newman|239894
The Man|Aloe Blacc|255907
no tears left to cry|Ariana Grande|205920
Written in the Stars (feat. Eric Turner)|Tinie Tempah|207653
Intoxicated - Radio Edit|Martin Solveig|159560
Trap Queen|Fetty Wap|222093
Congratulations|Post Malone|220293
Panda|Desiigner|246761
Black Beatles|Rae Sremmurd|291893
Hotline Bling|Drake|267024
Say It (feat. Tove Lo)|Flume|262521
Without You (feat. Usher)|David Guetta|208133
Pass Out|Tinie Tempah|268053
Make You Mine|PUBLIC|232907
Daphne Blue|The Band CAMINO|182840
these are my friends|lovelytheband|208947
Cemetery|COIN|177147
Once In A Lifetime|Lost Stars|178377
Frail State Of Mind|The 1975|234812
Replace It, Forget It|THE WLDLFE|206223
smiling when i die|Sasha Sloan|206437
Better Not (with Wafia)|Louis The Child|222866
Mean It|Lauv|232853
Stay With Me|ayokay|189787
Low Tide|XY&O|202532
TOOTIMETOOTIMETOOTIME|The 1975|207851
Chimera|Cheerleader|251338
Feel It|Romance and Rebellion|232414
Problems|A R I Z O N A|171898
tokyo|joan|226335
HEAVEN AND BACK|Chase Atlantic|248240
Now's The Time|Moon Taxi|198678
Hold on for Dear Life|Night Cap|224390
Close|Cuva|265067
WYAF|Pacific|278463
Marzipan (If You Love Him)|No Coast|181853
Haunted|The Band CAMINO|263285
Never Getting Over You|Lost Stars|188001
Be Okay|Jordan Fisher|188341
Easy|Brad Blackburn|151369
Workin' On It|Meghan Trainor|181291
Paper Skin|Moonfall|187625
This Must Be My Dream|The 1975|252480
Fade Out|Seeb|196667
ILYSB|LANY|211150
See Through|The Band CAMINO|181421
Erase Yourself|Cuva|227040
Crash My Car|COIN|188307
If You're Gonna Lie|FLETCHER|203113
Buttercup|Hippo Campus|226610
The Dance|Night Cap|229569
Waiting for You|The Aces|257015
Your Shirt|Chelsea Cutler|232759
Love Me Less (feat. Quinn XCII)|MAX|177670
Running Blind|Theo Kandel|224613
Waterfalls|THE WLDLFE|269119
Gimme|BANKS|219493
Ways to Go|Grouplove|215520
Too Far Gone|Lost Kings|196953
OPTIMISTIC|X Ambassadors|165593
There's Still A Light In The House|Valley|203107
it's not u it's me|Bea Miller|194526
Get Out|CHVRCHES|231360
You And I|LÉON|224064
Middle of Somewhere|The Neighbourhood|173960
Number One Fan|MUNA|205880
Summer Girl|HAIM|205027
You Don't Love Me Now|The Made and The Born|215556
No Turning Back|Lost Stars|206184
Hold The Line - Acoustic|A R I Z O N A|195561
Move On|ayokay|224482
Heavy|Romance and Rebellion|199008
Talk Too Much|COIN|187133
All Love|FLETCHER|193600
You Are Losing Me|Chelsea Cutler|207333
Beautiful Girl - Radio Edit|Junge Junge|200627
Heroes (we could be) - Branchez Remix|Alesso|204907
I Bet My Life - Alex Adair Remix|Imagine Dragons|190280
Sugar (feat. Francesco Yates)|Robin Schulz|219043
It's Strange (feat. K.Flay)|Louis The Child|245581
Is This Love - Montmartre Remix|Bob Marley & The Wailers|269404
Coming Over - filous Remix|James Hersey|198545
Shots - Broiler Remix|Imagine Dragons|191573
Wild Eyes|Broiler|204573
Say My Name (feat. Zyra) - Jai Wolf Remix|ODESZA|293217
It's You - Broiler Remix|Syn Cole|196911
I Can`t Say No! - Broiler Remix|Lea Rue|204375
Time - Yelhigh Remix|Yelhigh|271241
High Hopes - filous Remix|Kodaline|282427
Another Love - Dimitri Vangelis & Wyman Remix|Tom Odell|204413
Shine - Kygo Remix|Benjamin Francis Leftwich|280640
Ohio - filous Remix|Damien Jurado|245960
Give Me Sunshine - Jerome Dub|Santa Maradona F.C.|246085
Reality - Radio Edit|Lost Frequencies|158474
Journey Feat. Emma Carn - Radio Mix|BUNT.|236129
Come Back To Me - filous Remix|Urban Cone|171789
Sunset Lover|Petit Biscuit|237793
Hard Time - Kretsen Remix|Seinabo Sey|252000
Hurricane - Arty Remix|Halsey|224520
Tropic Love|Diviners|299440
Divinity - filous Remix|Porter Robinson|247200
Seve - Radio Edit|Tez Cadey|210853
No Rest for the Wicked - Robin Schulz Remix Edit|Lykke Li|201040
All That - The Knocks Remix|Carly Rae Jepsen|310253
Klanga - De Hofnar Remix|Gostan|264293
Waiting Here - filous Remix|Jake Isaac|259200
How Hard I Try (feat. James Hersey)|filous|198000
Call You Home - Faul & Wad Ad Remix|Kelvin Jones|271267
Solid Ground - Deepend Remix|Alex Vargas|210823
2AM - Matoma Remix|Astrid S|235200
Skyline|K-391|231562
Paris - Lost Frequencies Radio Edit|Antoine Malye|234826
Bones - LEEX Remix|Kafka Tamura|183800
Miracle in the Middle of My Heart - Radio Edit|Clément Bcx|174261
Heart (Samuraii Remix)|Stonefox|343846
High On You|Sebastien|231493
What I've done - Feast. Remix|James Hersey|194000
What - Radio Edit|Ferdinand Weber|176000
I Got U|Duke Dumont|285596
Ocean Drive|Duke Dumont|206320
Operate (Illenium Remix) [feat. Royal]|Kill Paris|264946
The Devil's Tears - Sam Feldt Edit|On June|240257
Running Out|Matoma|211200
Show Me Love|Robin Schulz|255960
Sleep, For The Weak! - Lost Frequencies Remix|Lea Rue|200331
burning gold - Autograf Remix|Christina Perri|333061
Let's Go Home (Pegato Remix)|Eklo|298158
Keep On Waiting|Napkey|193627
Brightest Light - Radio Edit|FDVM|205063
Keep Me in Mind|Cape Cub|199221
Rush|Zwette|203491
We Go Home|The Avener|194240
Home (feat. Nico Santos)|Topic|204000
Take Care|BCX|191797
Tell Me|Rust|192000
Echoes - Edeema Remix|Lauren Aquilina|242553
Been A While|Sam Feldt|163527
Me and My Guitar|Tep No|246996
Hurricane Highlife|WDL|281920
Drive|Glades|187915
Breathe|Seeb|240272
People Crying Every Night|A R I Z O N A|221550
I Was Wrong|A R I Z O N A|216386
Raging|Kygo|224487
Another You (feat. Mr. Probz) - Pretty Pink Radio Edit|Armin van Buuren|155410
Anything for You|Chelsea Cutler|201905
Fade Into You|Bjonr|228250
Hurts So Good|Astrid S|208729
I've Fallen for You|Tom Redwood|197778
Running Away|Fullife|256500
No Scrubs (feat. Jon Santana)|Cappa|214894
Beautiful Life|Lost Frequencies|161464
Feels - Jai Wolf Remix|Kiiara|270222
Slip Away (ft. Sophia Koop) [Bergs]|Bergs|238178
False Alarm|Matoma|224272
Vibes|Maybon|211393
Something New (feat. Allison Graaff)|Hyperion|206809
Perfect Strangers|Jonas Blue|196613
Salvation - Remix|Gabrielle Aplin|210814
Take Me Back|Christopher|178776
Losing U (feat. Daylight) - Radio Edit|Klingande|200967
Hitchhiker - Bergs Remix|OMI|222056
Lose Control|Matt Simons|193488
Sanctify (feat. Ilang)|Kenn Colt|181301
You & Me|SMOKN|246047
Alive|Madden|202794
Find U|Raise|183923
Wake Up Where You Are|State of Sound|207307
What Do You Love|Seeb|211875
Follow Me|Syn Cole|180984
Hear Me Now|Alok|192846
Blind Faith|GAMPER & DADONI|218027
Records (feat. Hier)|Y.V.E. 48|214000
Oceans Away - Sam Feldt Remix|A R I Z O N A|171109
Closing In (feat. Calum Venice)|Ludomir|196859
Feelings|Lauv|189613
How Do You Sleep?|Sam Smith|202205
Skin - Keyser Remix|Boy Untitled|233571
Nostalgia|MØ|226831
Lonely (with Jonas Brothers)|Diplo|139813
Mother|Charlie Puth|162864
SOS (feat. Aloe Blacc)|Avicii|157202
My My My!|Troye Sivan|204727
Letting a Flower Die|Valley Hush|195000
Sundara|ODESZA|136000
Started Out|Georgia|222821
I'm In Control|AlunaGeorge|209427
Alala|Populous|214981
Liar|Camila Cabello|207039
Blame It on Your Love (feat. Lizzo)|Charli XCX|191507
Move Me|Mura Masa|202587
Ritmo Novo|Sango|152800
Down|Chloe x Halle|199120
Slide Away|Miley Cyrus|233654
Only In My Dreams|Lowen|203639
Too Late|NIMMO|324569
New Sky|RÜFÜS DU SOL|327547
Not Ok|Kygo|210944
I Want You|MØ|196196
Tártaro|Buscabulla|223482
Skin|Boy Untitled|204373
Azul Oro|Populous|206896
Don't Let Me Down (feat. Khalid)|Sabrina Claudio|176688
Complicated|Mura Masa|213907
Younger|Jonas Blue|194721
Coming Over|Dillon Francis|178333
Capricorn|Elderbrook|169754
What Happened?|Gilligan Moss|308080
It's Strange (feat. K.Flay)|Louis The Child|245581
Never Change|Obongjayar|225643
Conte a Todos|Sango|192000
Human Touch|Betty Who|213920
Glad He's Gone|Tove Lo|196348
I Warned Myself|Charlie Puth|159783
Sacrifice|Boy Untitled|183000
Bloom|Troye Sivan|222097
Maybe Next Time|Esbie Fonte|215172
Warm (feat. HAIM)|Charli XCX|225267
Summer Lover|Cub Sport|136853
Spark|Boy Untitled|238251
There's No Way (feat. Julia Michaels)|Lauv|174861
Happy Now|Kygo|211362
Hurt Somebody|Noah Kahan|168640
Graveyard|Halsey|181806
Final Song|MØ|235827
Sun Models (feat. Madelyn Grant)|ODESZA|160000
Nanã|Polo & Pan|190827
Kusanagi|ODESZA|208000
My Sunshine (For You)|Morgan Saint|218013
You And I - R3HAB Remix|LÉON|179048
Somebody Else|VÉRITÉ|233077
dancing around|flor|235707
2020|Great Good Fine Ok|159500
Middle Finger|Phoebe Ryan|241893
Girls Your Age|Transviolet|208053
Devil's in the Backseat|Lostboycrow|243462
yes & no|XYLØ|178983
Waves|Luna Shadows|218361
Do Right|Glades|197240
Reckless Lover - Acoustic|Handsome Ghost|240579
Dancing On Glass|St. Lucia|246333
Wanna Be|Betty Who|210907
Swim|Fickle Friends|197507
Reflections|MisterWives|186440
Cain|EXES|216000
All of the People|Panama Wedding|215907
Capsize|FRENSHIP|237707
Only Us|Paperwhite|204000
So I Met Someone|VHS Collection|220667
Love Me Wrong|Allie X|192907
Let Go|RAC|280120
Peach|Broods|255397
I Wear Glasses|Mating Ritual|214071
Ghosts|Scavenger Hunt|228160
Reasons Not To Die - Demo|Ryn Weaver|220629
Little Games - St. Lucia Remix|The Colourist|273400
Million Bucks|Smallpools|239893
Do Me Like That|Penguin Prison|195067
Sleepy Eyes|Elohim|202887
Twenty Something - Stripped Sessions|Nightly|261527
Gravity|Ralph|203095
Ocean|Ella Vos|210503
Nice Guy|courtship.|161600
Stonecold|machineheart|220237
Gold|Kiiara|225882
I Feel Good About This|The Mowgli's|201528
Awa Ni|The Knocks|219777
Paris|Magic Man|232747
What's Love Got to Do with It|XY&O|218747
Golden|Parade of Lights|184567
3 Strikes|Terror Jr|175777
Silhouette|Goldroom|268040
No One - Kayge Calypso & DUNN Remix|Mothica|212308
The Village|Wrabel|230293
Bob Marley|Grizfolk|216067
Operate - The Chainsmokers Remix|ASTR|232381
YDLM|The Griswolds|192107
There's Still A Light In The House|Valley|203107
Pretty Genius|Charlee Remitz|278215
Free Animal|Foreign Air|180400
Bullet|Chelsea Lankes|184521
Lovers|Anna of the North|215773
Heavy|POWERS|234356
Dreamers|Savoir Adore|249261
Hypnotic|Zella Day|176787
Come Home To Me|LÉON|225868
Shut Up and Dance|WALK THE MOON|199080
31 / 10|RKCB|270054
i loved you first|joan|227068
Up We Go|Lights|339560
Breaking Up My Bones|Vinyl Theatre|185429
All Over|CRUISR|182653
Cardiac Arrest|Bad Suns|182518
Carry On - Acoustic|Young Rising Sons|207880
Over That|Emily Vaughn|205371
Visions|So Below|235906
Fall At Your Feet|Lucy Neville|202640
I Wanna Get Better|Bleachers|204520
We Come Running|Youngblood Hawke|248600
Drive (feat. Ezra Carey)|Myzica|206613
Happy With Me|HOLYCHILD|169253
Work It Out|Knox Hamilton|206520
Magic|Boh Doran|169930
Dive In|kwassa|200637
All For You|Night Riots|235334
Side Effects|Carlie Hanson|188664
Take My Breath Away|EZI|158447
A Toast and a Spirit|Vacation Manor|209453
Kids (Ain't All Right)|Grace Mitchell|149507
Cecilia And The Satellite|Andrew McMahon in the Wilderness|223880
Waiting for You|The Aces|257015
2 / 14|The Band CAMINO|163690
Filthy Rich|Evalyn|215107
Lost City|Brett|312250
Good Together|The Runaway Club|234842
Stay|Hotel Apache|207778
When I'm Down|Whethan|164681
Keep Together|Hunter Hunted|207880
I Don't Feel Real|Patternist|198825
Siren|Kailee Morgue|200267
Burning House (feat. Aaron Krause)|EZA|251559
Undrunk|FLETCHER|183428
Take Me Out|Young Summer|221063
Adderall|Max Frost|218025
Cuddle Up|Catey Shaw|213665
Intro|The xx|127920
Crystalised|The xx|201947
Awake|Electric Guest|300867
Dear to Me|Electric Guest|241480
Back for Me|Electric Guest|201613
Someone That Loves You|HONNE|244959
Without You|Oh Wonder|224740
Blood Red Moon (Demo)|The xx|133267
Tessellate|alt-J|182667
The Look|Metronomy|277653
La Ciudad|ODESZA|271136
Keeping Me Under|Two Another|218926
Birch Tree|Foals|261133
Natural Fools|Maribou State|339258
Cherry|Jungle|196139
Modern Jesus|Portugal. The Man|194053
Before Paris|Tom Misch|149811
Sweet Emotion|The Kooks|308569
About The Distance|Flitz&Suppe|192000
Midnight Moon|Oh Wonder|210756
Takin' You For A Ride|Pandrezz|141187
Wander With Me|Tom Misch|287228
It Runs Through Me|Tom Misch|261881
My Number|Foals|240533
Good Morning|Two Door Cinema Club|236173
Sun|Two Door Cinema Club|187720
Where Is The Love?|The Black Eyed Peas|273813
Lightenup|Parcels|237227
OdeToYou|Flitz&Suppe|181481
Slow Burn|Brian Bromberg|367893
Down Under|Omaure|108125
Violet City|Mansionair|213516
Blue Light|SUN SILVA|222106
Middle School|Blue Wednesday|144000
Her Grace|Maverick Sabre|210500
Happy Man|Jungle|190318
Beautiful Escape|Tom Misch|276785
Right As Rain|Adele|197347
Heavy, California|Jungle|184600
The Journey|Tom Misch|266820
Technicolour Beat|Oh Wonder|180120
Watch Me Dance|Tom Misch|303586
I'm Walking|Perquisite|138407
Hang Glide|Anomalie|234066
Seasons|Aso|266000
Nocturne|Julian Lage|199015
Here If You Want (Pale Blue)|MOSSS|199036
Mornin Dew|Sunni Colon|324130
Loose Ends|Loyle Carner|256198
Breezeblocks|alt-J|227080
Taro|alt-J|314987
Lagoon|Laura Misch|255215
Too Much|Tora|154403
Tick Tock|Tom Misch|253848
Hark|Tom Misch|163630
Withorwithout|Parcels|205049
Just the Two of Us (feat. Bill Withers)|Grover Washington, Jr.|237106
Daydream|Eli Way|224000
Murmuration|Blue Wednesday|156000
Morning Dew|Matt Quentin|237037
Vale|Maribou State|247623
Ottolenghi|Loyle Carner|197600
Krispy|Loyle Carner|221092
The Optimist|Cory Wong|215520
Skyline|FKJ|249847
Baby You're Bad|HONNE|228879
Good Together|HONNE|228522
Slice of Life|Flitz&Suppe|160000
Me & You ◑|HONNE|243601
Apple Pies & Butterflies|Blue Wednesday|196232
Birthday Girl|Blue Wednesday|169345
King of Everything|Dominic Fike|194360
Warm on a Cold Night|HONNE|261595
Good to Be Home (feat. Tom Misch, Loyle Carner & Rebel Kleff)|Barney Artist|263090
Still|Loyle Carner|213531
I'm Into You|Nick Murphy / Chet Faker|263693
Islands|The xx|160720
Hypnotised|Franc Moody|207049
Carluccio|Loyle Carner|191782
Julia|Jungle|195294
So Good Looking|The Kooks|203285
Still Beating|Mac DeMarco|181587
Feeling Lonely|boy pablo|197947
Dance Moves|Franc Moody|201376
Wildflower|Joe Corfield|147584
Enough to Believe|Bob Moses|279573
No Pressure|The Kooks|216617
Sisters|Leoniden|191170
Dreams|Beck|314487
Dissolve Me|alt-J|239013
Dollar|Electric Guest|208747
Teenage Fantasy|Jorja Smith|226906
Waiting On the World to Change|John Mayer|201173
Home|Tom Misch|268438
Dopamine|Franc Moody|243946
Nightgowns|Tom Misch|166164
Time|Jungle|213614
The Sun|Myd|210040
Overnight|Parcels|219603
Lover, Always|Luke Robert White|245793
Dangerous|No Friends|194093
My Corduroy Hat|Neighbor Susan|264009
Could Be Fun|Banana Club|174057
Fool's Gold|Tessa Kaye|182190
Party City|Charlotte Rose Benjamin|204414
don't tlk|toast|170077
Fiya|jame|182373
Cortex|Aunty Social|229547
Under the Supermoon|Artists for Peace and Justice|315121
It's OK To Be Black|Jac Ross|161200
SkindeepSkyhighHeartwide|Lawrence Rothman|246593
flowerbeds|Sfven|172293
Build Me Up Buttercup|Keni|156957
Uncut Larry Smith|Larry Smith|137561
Home|Fortuno|206440
All Over Me|Cards|200331
Odeia|I See Colors|142286
Against Us|Telehope|212727
My Darling Heart|J.Pappas|196683
Daydreaming|Fletcher Reed|173646
Cold|Tempi|277091
To Comprehend|Marrakesh|181348
Tomorrow|Dawson Hollow|187906
Happy|Noa Jamir|219116
Missing Piece|Honey Butter|229499
Well Known|Atlas in Motion|224153
Clockwatch|AmirSaysNothing|168920
Closer Than This|KAYE|216117
Understand (How Bout No) [The DM Song]|Freak Daddy|254975
White Adidas|DLG.|192423
Miss Me|Cadence Floria|212481
When It Rains|Mr. Popular|157500
Adore You|Taura|209490
Thinkin Bout You / Too Good|IOLITE|231599
I Can't Keep Waiting|Jackson Powell|168046
Path|Ben Henchman|148536
Numb Thing|Hunter Powell|252000
Tottenham Tugz|Poppy|209675
looking around at the sky.|SAND&SEA|225000
R U D Y|Houston Kendrick|183089
Twisted|Sophie Gray|202840
Moved On|Redlight Blue|167045
Fill Into Me|Anju|303313
Orange|Sophie Holohan|198947
Nothing but a Memory|LAIKIPIA|219359
As I'm Fading Into You|Blevins|188895
Grass is Always Greener Club|Dirty Chime|200799
Real Eyes|Fili|254257
Holding Space|Luke Adamson|201481
Did I Do Something Wrong?|Bex|282773
buttercup|Palmertrees|196000
striptease|carwash|160659
That Night|Indyah|167228
At Least I'm Moving|Tommy Strauser|249000
Lil' Tune|Sunfish|182825
Real World|Stereo Jane|186857
Bad Habits|Piperline|194583
Dark. Black. Heart.|Austin P. McKenzie|256895
Do Me Like A Drug|Emmanuel Franco|172710
Ambrosia|TIMIAN|270545
Wait for You|Innerbloom|240000
don't give up on me|pink roses|272360
Lie to Me|Cam M.|228168
Castles|Emily Lind|156827
I Think I Kinda, You Know - Instrumental|Alan Zachary|172446
bedroom window|c7oud|179250
Warrior|Oriel Poole|228511
Silver Lake Queen|Diplomacy|235484
Enough|Rayne|220632
Swimming In Your Feelings|HAVEN|161890
Primadonna|Nina Tribus|137555
Access|Jungle Animals|171853
Rain|More Ease|186457
She Got the Moon|Berry Juice|278533
Paper Crown|Kevin Krust|202345
Shut It Down|Georgia Dutton|163607
Know Me|Moonlight Social|210000
Talk About It|Heather Cole|164916
I Read U Like a Book|Simon Loof|170539
Divine|Jay Rose|167507
Closely|August Roads|203120
Love Letters and Cigarettes|Liv Young|164840
Slip Knots|Waxwane|166154
Reaching Out|Isabella Hixson|221986
Sinking|Tinley|195092
When You Know|Sunny State|181859
Chai Tea|audrey|263155
Die Young|VÂN SCOTT|236719
Close Enough|Slight Diversion|252200
Everything|DARKMINDS|148571
Forget you|Skyverse|200000
Veiled|Swati Bhatt|326667
Caffeine|Funi|236000
atlantis|RUFUS|160500
Break The Sky|Dust of Apollon|190120
I'm Sorry That I Love You|Peachro|133704
far away from here|yaeow|132800
Best Shoes|Casey Conroy|218972
Whispers|Ella Renn|162605
Tough (feat. Noah Kahan)|Quinn XCII|178133
Lost|Blake Rose|234623
Less Than I Do|The Band CAMINO|211694
If You're Gonna Lie|FLETCHER|203113
6's to 9's (feat. Rationale)|Big Wild|206073
Nostalgic|A R I Z O N A|182668
Novocaine|The Unlikely Candidates|245240
Just a Little Longer|SHY Martin|206204
Hold On (with Georgia Ku)|ILLENIUM|235263
Love Me|Felix Cartal|194872
Halfway There|ROZES|207920
Crash My Car|COIN|188307
85%|Loote|174107
A Big World|Joel Adams|186681
Temporary|Ella Vos|151665
Warm Animal|Sure Sure|211147
Lose My Mind (feat. Mr Gabriel)|Jai Wolf|258547
They Told Me|Palm Trees|181823
Get Stüpid|bülow|172800
Off Limits|BAYNK|159750
Half Gone|Stephen Puth|192571
Wow, I'm Not Crazy|AJR|196763
I See You|MISSIO|228613
Atoms - Said the Sky Remix|RL Grime|255117
BITCH (takes one to know one)|Lennon Stella|183840
Summer Love - Recorded at Spotify Studios NYC|Chelsea Cutler|214381
Til I Don't|Mokita|126700
at least i look cool|Sasha Sloan|171695
Spin With You (feat. Jeremy Zucker)|Emma Sameth|212154
FU4E|Lost Kings|207280
Better With You|3LAU|192941
If I Ain't Got You|Dan Talevski|177851
Cold|Boy In Space|203538
Floating (feat. Khalid) [filous Remix]|Alina Baraz|200865
Something Better|Minke|213962
Numb|Carlie Hanson|133876
Spoonful|Grizfolk|188773
Keep You Close|FRENSHIP|197814
Maybe You're the Reason|The Japanese House|218936
All Your Days|Shallou|275013
Just Friends|Olivia O'Brien|133640
When I'm With U|Tritonal|256552
Beggar's Song|Matt Maeson|235053
Falling For Boys|Julia Michaels|183720
One Magic Moment|Bad Suns|217333
Cynic|Noah Kahan|208493
Do Me|Kim Petras|212325
123456|Fitz and The Tantrums|184642
Better By Myself|Hey Violet|194409
feel something|Bea Miller|180161
Timebomb|WALK THE MOON|218589
Free (with Drew Love)|Louis The Child|222253
Die Happy|DREAMERS|186903
Young|Parachute|223627
slow motion|flor|183760
Moral of the Story|Ashe|201084
Why Do You Love Me|Charlotte Lawrence|171908
Gucci Rock N Rolla (feat. Rivers Cuomo & KYLE)|Snakehips|159587
Karma|Robinson|188824
HOLD YOU DOWN|X Ambassadors|197933
Crop Circles|Jon Bellion|147684
Like I Remember You|Vera Blue|187742
Love Me Back|RITUAL|178233
I Wish|Hayley Kiyoko|205029
Fools|ufo ufo|220085
Quarter-Life Crisis|Judah & the Lion|217981
Feel You Now|The Driver Era|258477
Angry Too|Lola Blanc|204089
Bad Vibes|K.Flay|185907
Come Around|Hoodie Allen|166696
Good Day|Surfaces|181000
I Can't Carry This Anymore|Anson Seabra|200000
With Me All Along|Bronze Radio Return|226711
Counting the Days|Will Taylor James|274429
Darkside|grandson|229531
head first|Christian French|154961
Stargazing|sapientdream|142286
Alive|Dabin|365419
Pushing 21|Liv Dawson|207800
Want You Back|Grey|176827
Peace|Alison Wonderland|177601
Flames (feat. Ruel)|SG Lewis|216765
Take It Off|Two Friends|194441
Tim McGraw - Recorded At Spotify Studios NYC|Maggie Rogers|250837
The Way I Am|Gavin Haley|178143
Dreamin (with blackbear)|The Score|198640
minimal|ROLE MODEL|163340
Grip - Alternative Version|Seeb|233105
Lead Me Back|San Holo|284493
Friends Go|Maggie Lindemann|143361
My Feelings|DiRTY RADiO|180262
Emotion|Hazey Eyes|204526
Wake Me Up|Foreign Air|222760
Talk Slow|Cody Lovaas|164544
Stuck|Jome|153176
Heart|OTR|195361
Terrified|Terror Jr|178298
oh, mexico|Jeremy Zucker|184453
like that|Bea Miller|185547
Thank Me Later|Anna of the North|204240
Your Car|Alexx Mack|226000
Oceans|Coasts|222768
Hallucinogenics|Matt Maeson|187173
Blame|Skylar Stecker|172457
In Love With A Broken Heart|Hedley|217067
Wishing Wells|The Colourist|257880
Catch|Dresses|231121
Storm|Paperwhite|195973
Blackbeak|Youngblood Hawke|239160
Someone To You|BANNERS|219800
hold on|flor|204774
High|Young Rising Sons|165720
Waking Up The Giants|Grizfolk|234800
Mission Control|Knox Hamilton|199080
You & Jennifer|bülow|159453
Love Is Blind|Coleman Hell|173108
Infinity|Jaymes Young|237720
Daylight|Matt and Kim|171333
Different Kind of Love|Kid Runner|207427
Take It All Back 2.0|Judah & the Lion|218356
Volcanic Love|The Aces|205977
On Our Way|The Royal Concept|194187
Count On You|Paperwhite|224073
Dead 2 Me|Emily Vaughn|165000
Set On Fire|MAGIC GIANT|215653
1000 Nights|FRENSHIP|240293
Limestone|Magic City Hippies|209165
Me, Myself, and I|Vinyl Theatre|206267
Hollow Life|Coast Modern|237880
Free but Hollow|Hidinin|220542
Chasin' Honey|Wild Party|189960
Fire Escape|Andrew McMahon in the Wilderness|204840
Sleep Talking|Charlotte Lawrence|224224
I'm Good|The Mowgli's|166893
Tongue Tied|Grouplove|218013
Bridges|Broods|191808
King's Cup|Charlee Remitz|191922
Phantom|Nightly|201735
One Foot|WALK THE MOON|261373
NoLo|Grace Mitchell|265973
Tongues|Joywave|234773
Out of My League|Fitz and The Tantrums|209386
Harlem|New Politics|163627
High|Sir Sly|231897
Pretty Sad|XYLØ|199222
Stockholm|Atlas Genius|191640
Sweet Talk|Saint Motel|192040
Miss You Like Hell|Nightly|189181
New Friends|Maty Noyes|190547
Say the Word|Emily Vaughn|202667
Something New|Secret Weapons|217200
Navigator|MOONZz|210784
Dreaming|Smallpools|216253
Fire Alarm|Castlecomer|237453
Kidnap Me|CRUISR|202200
Take It or Leave It|Great Good Fine Ok|183468
Hurry, Hurry|Air Traffic Controller|203267
Ready For You|Hunter Hunted|205587
A Phone Call In Amsterdam|Valley|233333
Feeling Electric|Parade of Lights|221618
Don't Change Me|Kid Runner|191573
Two High|Moon Taxi|213120
Brazooka|NVDES|129730
Feel|Victors|225464
Cold Cold Man|Saint Motel|230773
Careless|Vacation Manor|195240
Golden Age|The Electric Sons|228571
Back Together|Loote|183280
Guru|Coast Modern|204067
Bad Habits|The Federal Empire|257076
Finest Hour (feat. Abir)|Cash Cash|215781
Waiting on the Summer|VHS Collection|254572
Passenger Side|Smallpools|221747
DaNcing in a RoOm|EZI|208606
Murder|Mako|189185
Get Wild|Lost My Name|213222
ease your mind|joan|172307
Scars To Your Beautiful|Alessia Cara|230227
The Greatest|Sia|210893
The Ocean (feat. Shy Martin)|Mike Perry|183414
Once In a While|Timeflies|215160
You & Me|Marc E. Bassy|218480
Starving|Hailee Steinfeld|181880
Fast Car|Jonas Blue|212424
Lush Life|Zara Larsson|202213
Millionaire - Alan Walker Remix|Digital Farm Animals|189347
Play That Song|Train|241360
Hurricane|Halsey|223082
My Way|Calvin Harris|219160
Closer (feat. Halsey)|The Chainsmokers|244960
Shout Out to My Ex|Little Mix|246240
No Diggity|Campsite Dream|188849
Let Me Love You|DJ Snake|205947
Anywhere|Dillon Francis|177596
She Sets The City On Fire|Gavin DeGraw|218631
All We Know|The Chainsmokers|194080
Sour Patch Kids|Bryce Vine|252560
Till The End|Swanky Tunes|195653
Millionaire (feat. Nelly)|Cash Cash|186120
Beast|Tungevaag|198012
Waste A Moment|Kings of Leon|183093
Somewhere New (feat. M-22) - Radio Edit|Klingande|208138
Cruel (feat. ZAYN)|Snakehips|228253
Sthlm Nights|Peg Parnevik|200827
Cold Ain't For Me|Oceans|205812
All In My Head (Flex) (feat. Fetty Wap)|Fifth Harmony|210573
Bonfire|Miss Li|209616
Summer on You|Sam Feldt|160009
Sex|Cheat Codes|228361
Raging (feat. Kodaline)|Kygo|224487
Surviving (feat. Joe Cleere)|Sondr|213223
Dollar Bill (feat. Kid Ink)|Phoebe Ryan|226973
Peanut Butter Jelly|Galantis|203133
Be As You Are|Mike Posner|233587
Cinema (feat. Gary Go) - Radio Edit|Benny Benassi|182973
Caroline|Aminé|209747
Ignition (Remix)|R. Kelly|187733
Stereo Hearts (feat. Adam Levine)|Gym Class Heroes|210960
Nervous - The Ooh Song/Mark McCabe Remix|Gavin James|195414
September Song|JP Cooper|220291
What Do You Love|Seeb|211875
Don't Wanna Know|Maroon 5|214480
Call on Me - Ryan Riback Remix|Starley|222041
Solo Dance|Martin Jensen|174933
Debut|Maria Hazell|196947
All Night|The Vamps|197793
Whole Heart|Gryffin|225200
Sexual|NEIKED|188889
Runaways|Sam Feldt|180402
Let Me Hold You (Turn Me On)|Cheat Codes|162425
Inside the Lines|Mike Perry|204504
Kids|OneRepublic|238387
Playing To Lose|Lemaitre|204267
Waiting For Love|Avicii|230613
Guilty Pleasure|Bryce Vine|204435
Take Me Home|Bryce Vine|230580
The Fall|Bryce Vine|141420
Los Angeles|Bryce Vine|193301
All Night Longer REMIX|Sammy Adams|237827
Hold On - Radio Edit|Moguai|178560
By Your Side|Jonas Blue|201254
Ain't No Saint|Peg Parnevik|187360
We Are (Ziggy & Carola)|Peg Parnevik|188867
Use Somebody|Kings of Leon|230760
Wild Things|Alessia Cara|188493
The Nights - Avicii By Avicii|Avicii|264133
Kanye|The Chainsmokers|229947
While I'm Alive|STRFKR|230053
Coastin'feat. K. Flay - Dirty|Zion I|266413
Good Feeling|Flo Rida|248133
Cash Machine|DRAM|181154
Atmosphere|Kaskade|231453
R.I.P. 2 My Youth|The Neighbourhood|205133
L.A. Story (feat. Mike Posner)|Sammy Adams|208000
Paradise|Coldplay|278719
Riptide|Vance Joy|204280
Habits (Stay High) - Hippie Sabotage Remix|Tove Lo|258933
Borderline - Vanic Remix|Tove Styrke|256500
Samurai|Vanic|201600
Hypnotic - Vanic Remix|Zella Day|282000
Never Be Like You (feat. Kai)|Flume|233337
False Alarm|Matoma|224272
Erase Me - Main|Kid Cudi|192253
All Time Low|Jon Bellion|217603
That's All I Need|Dirty Heads|213147
in my miNd|Maty Noyes|212267
Gravity|Timeflies|214787
Naked|Elin Bergman|204510
3 Foot Tall|Classified|220947
"How Far I'll Go - From ""Moana"""|Alessia Cara|175517
Chills|Down With Webster|208026
I Don’t Wanna Live Forever (Fifty Shades Darker)|ZAYN|245200
Something Wrong|Timeflies|234988
Sit Still, Look Pretty|Daya|202221
Happy|Oh Wonder|172907
Wasting Time|The Mowgli's|223913
Lucky|Chelsea Cutler|148987
broken|lovelytheband|204878
Good Nights (feat. Mascolo)|Whethan|165618
Beige|Yoke Lore|204213
I'll Be Good|Jaymes Young|247347
Cool Again|Shoffy|191935
Older|Sasha Sloan|191002
Daft Pretty Boys|Bad Suns|187013
My Type|Saint Motel|206394
Ride Or Die (feat. Foster The People)|The Knocks|242035
Call Me Maybe|Carly Rae Jepsen|193400
Your Side Of The Bed|Loote|197147
Anti-Everything|Lost Kings|183853
Panic Room|Au/Ra|237773
Best Day Of My Life|American Authors|194240
Chicken Noodle Soup (feat. Becky G)|j-hope|235497
Highway|Cheat Codes|221320
Bad At Love|Halsey|181279
One Dance|Drake|173987
Takeaway (feat. Lennon Stella)|The Chainsmokers|209893
Say My Name|David Guetta|198947
Con Calma|Daddy Yankee|193227
Harder|Jax Jones|159753
More Than You Know|Axwell /\ Ingrosso|203000
Only You (with Little Mix)|Cheat Codes|189401
Back To You - From 13 Reasons Why – Season 2 Soundtrack|Selena Gomez|207905
Call You Mine|The Chainsmokers|217653
Never Really Over|Katy Perry|223523
Enemies|Lauv|194755
Lost In Japan|Shawn Mendes|201200
Señorita|Shawn Mendes|190960
I Don't Belong In This Club|Why Don't We|222621
Old Town Road (feat. Billy Ray Cyrus) - Remix|Lil Nas X|157067
I Don't Care (with Justin Bieber)|Ed Sheeran|219947
Paradise|Bazzi|169038
So Am I|Ava Max|183027
Golden Years - M-Phazes Remix|Ruel|234293
If I Can't Have You|Shawn Mendes|190800
ME! (feat. Brendon Urie of Panic! At The Disco)|Taylor Swift|193040
Boy With Luv (feat. Halsey)|BTS|229773
A Different Way (with Lauv)|DJ Snake|198286
No Brainer|DJ Khaled|260000
Woman Like Me (feat. Nicki Minaj)|Little Mix|228207
Mama|Jonas Blue|181615
New Rules|Dua Lipa|209320
7 rings|Ariana Grande|178640
No Sleep (feat. Bonn)|Martin Garrix|207095
Sunflower - Spider-Man: Into the Spider-Verse|Post Malone|158040
Who Do You Love|The Chainsmokers|226747
There's Nothing Holdin' Me Back|Shawn Mendes|199440
Capital Letters|Hailee Steinfeld|219387
Anywhere|Rita Ora|215064
Like I Do|David Guetta|202500
FRIENDS|Marshmello|202621
Dance To This (feat. Ariana Grande)|Troye Sivan|231847
Polaroid|Jonas Blue|193377
Came Here for Love|Sigala|202999
How Long|Charlie Puth|200853
Part Of Me|Katy Perry|216160
Last Friday Night (T.G.I.F.)|Katy Perry|230747
Time of Our Lives|Pitbull|229360
I'm a Mess|Bebe Rexha|195519
The Way I Am|Charlie Puth|186080
Jackie Chan|Tiësto|215760
Rise|Jonas Blue|194408
Solo (feat. Demi Lovato)|Clean Bandit|222653
One Kiss (with Dua Lipa)|Calvin Harris|214847
There for You|Martin Garrix|221904
Lean On (feat. MØ & DJ Snake)|Major Lazer|176561
Ain't My Fault|Zara Larsson|224031
Pretty Girl - Cheat Codes X CADE Remix|Maggie Lindemann|193613
Unbelievable|Why Don't We|189385
Ciao Adios|Anne-Marie|200105
Bang Bang|Jessie J|199387
I Want You To Know|Zedd|240000
fuck, i'm lonely (with Anne-Marie) - from “13 Reasons Why: Season 3”|Lauv|198973
No One Compares To You|Jack & Jack|182920
Dance Monkey|Tones and I|209755
Higher Love|Kygo|228267
Lalala|Y2K|160627
Look At Her Now|Selena Gomez|162596
Good as Hell (feat. Ariana Grande) - Remix|Lizzo|159011
Truth Hurts|Lizzo|173325
Don't Start Now|Dua Lipa|183290
Goodbyes (Feat. Young Thug)|Post Malone|174960
Bad Liar|Imagine Dragons|260773
Lost Control|Alan Walker|222320
Into the Unknown - Panic! At The Disco Version|Panic! At The Disco|189132
My Oh My (feat. DaBaby)|Camila Cabello|170746
sex|EDEN|218808
Birthday Suit|Cosmo Sheldrake|80407
Blinding Lights|The Weeknd|201573
Ayy Macarena|Tyga|131607
Adore You|Harry Styles|207133
Rare|Selena Gomez|220590
Two 10s|Quinn XCII|216284
Cellophane|Ella Vos|165000
Older|Shallou|218587
Stay Forever (feat. STRFKR)|Whethan|153430
So High|JAYLIEN|229565
isohel|EDEN|270677
Good Thing (feat. Kehlani) - Grant Remix|Zedd|218545
Deleter|Grouplove|234387
the movies|Nightly|178909
Half Your Age|Joywave|209227
This Is Our Time|WILD|202478
hungover & i miss u|gnash|166667
The Story|Conan Gray|245267
she|Hayley Kiyoko|191176
How You've Been - Acoustic|R3HAB|142051
Slow|SHY Martin|163547
If You Don't|Jonah Baker|179972
Wherever You Are|Kodaline|185005
No Sleep|No Love For The Middle Child|207179
Diamonds|Echosmith|202687
Push My Luck - Famba Remix|The Chainsmokers|178067
You Love Me|flora cash|221640
supernova|prettyboyshav|192683
Long Shot - Mount Pleasant Remix|Transviolet|223590
MIDDLE OF THE NIGHT|Elley Duhé|184448
Faith (with Dolly Parton) [feat. Mr. Probz] - Acoustic|Galantis|173218
Control|Winona Oak|182852
Sunrise|Kevitch|208744
World's on Fire|Superheart|274351
Changed|Henry Park|253792
Long Time Coming|Caitlyn Smith|204360
Kindergarten|chloe moriondo|145625
Radical - Edit|Amtrac|237978
VICTIM OF A SYSTEM|RAT BOY|187630
MMXX|Royal & the Serpent|138909
Hallucinations - Acoustic|PVRIS|272366
Cyclone|Trove|204946
So Predictable|Set It Off|181332
backup|guardin|165015
The Good Life|Devon Gilfillian|245080
You Love It!|ripmattblack|173195
Outside Inside|EDEN KAI|173667
Swing (feat. Allday)|Sofi Tukker|179279
On the Back of Your Neck|Cienfue|253444
Still Alive - Cruise Control Remix|A R I Z O N A|215967
Go to Sleep Little Baby|Niykee Heaton|164153
Don't Miss Me? - UNKLFNKL Remix|Marianas Trench|207500
U DO U|Yung Scuff|154259
2025|Bohdi|209250
Nowhere|Gavin Haley|155821
Hard|Noah Neiman|170400
Lonely|Walk Off the Earth|162442
The New Insane|COUNTERFEIT.|172453
Rich & Sad|PLVTINUM|164615
Cloud 9|Beach Bunny|147351
New York|Jake Isaac|201883
Forever|Jacquie|222276
me & ur ghost|blackbear|200400
Answer to Love|Dexter|159986
Good Ol' Days|Elijah Midjord|319018
Bikini Porn|Tove Lo|162947
Is She|Tori Templet|190772
All The Fucking Time - Acoustic|Loote|149974
Beautiful Stranger|Marcus King|247547
melancholyism.|Super Whatevr|188107
Me Time|Brooke|168424
Just Say It out Loud|Gamma Skies|203238
Youuu|COIN|235267
You Won’t Answer My Phone Calls but I Bet You’ll Listen to This Song so I Guess This Is the Only Way to Talk to You|Adam Jensen|186120
But I Like It|Lauren Sanderson|149692
Sweaters|Blanks|177848
So Wrong|Jae Jin|200904
Someday|Ed Whicher|192340
Stranger|MOTHXR|195000
Broken Hearted|Mattia Pironti|177731
Apple Pie|Lizzy McAlpine|259167
Free|Matt Walden|204629
Never Loved You|Evie Clair|206102
Promises|All Harlem Music|191250
Building Chemistry|Cody Francis|193625
Thousand Lakes|Miki Ratsula|160941
Pull|The Summercamp|235639
Happiest Year|Jaymes Young|228443
Roses|The Chainsmokers|226739
Same Old Love|Selena Gomez|229080
Crystals|Of Monsters and Men|243520
Wolves Without Teeth|Of Monsters and Men|232973
Empire|Of Monsters and Men|260413
Black Water|Of Monsters and Men|253293
We Sink|Of Monsters and Men|261880
Winter Sound - Bonus Track|Of Monsters and Men|220840
King And Lionheart|Of Monsters and Men|273853
Little Talks|Of Monsters and Men|266600
"Try Everything - From ""Zootopia"" Soundtrack"|Shakira|196707
Shut Up and Dance|WALK THE MOON|197720
Rather Be (feat. Jess Glynne)|Clean Bandit|227833
My House|Flo Rida|192191
Cake By The Ocean|DNCE|218440
Don't Let Me Down|The Chainsmokers|208373
Sit Still, Look Pretty|Daya|200717
Hide Away|Daya|192381
Stressed Out|Twenty One Pilots|202333
My Shot|Lin-Manuel Miranda|333154
The Schuyler Sisters|Renée Elise Goldsberry|186543
Right Hand Man|Lin-Manuel Miranda|321697
Non-Stop|Leslie Odom Jr.|385438
The Room Where It Happens|Leslie Odom Jr.|318215
Shine Your Way|Alan Silvestri|206080
Tao Lang|Loonie|255387
Heathens|Twenty One Pilots|195920
Scars To Your Beautiful|Alessia Cara|230227
This Is What You Came For|Calvin Harris|222160
Treat You Better|Shawn Mendes|187973
Millionaire (feat. Nelly) - Alan Walker Remix|Cash Cash|189338
Side To Side|Ariana Grande|226160
Hymn for the Weekend - Seeb Remix|Coldplay|212647
It's Time|Imagine Dragons|237987
Best Day Of My Life|American Authors|194240
This Girl (Kungs Vs. Cookin' On 3 Burners)|Kungs|195561
Every Little Beat (feat. Allie Crystal)|Anthem Academy|193829
Love Myself|Hailee Steinfeld|218747
Run|Delta Rae|178160
Sirens|Woodlock|234787
Catch|Dresses|231121
Take It All|Sawyer Fredericks|220973
Breaking Free|Built By Titan|283065
Settle Down|Gentle Bones|220480
Forever on Your Side (feat. Kina Grannis)|Imaginary Future|242627
Home We'll Go|Walk Off the Earth|189133
Shark in the Water|The Cocktails|183449
Wild + Free|Andrew Simple|154933
Looking Up|SafetySuit|194025
Where You Wanna Be|Charles William|238816
Back to You|WILD|195000
Spirits|The Strumbellas|203653
The Sound|The 1975|248880
The Emotion|BØRNS|224787
Stand By You|Rachel Platten|219000
Life's What You Make It|Graham Colton|186109
Secrets|Jacob Whitesides|254853
"Just Like Fire (From the Original Motion Picture ""Alice Through The Looking Glass"")"|P!nk|215414
Ride|Twenty One Pilots|214507
A Room of Her Own (TS Version)|Like Swimming|214508
Monster Lead Me Home|Sara Hartman|237395
Safe Place to Land|Christian Burghardt|236453
Dream Girl|Wolfside|241557
Revolution|Catey Shaw|246626
Sugar, You|Oh Honey|212053
While My Guitar Gently Weeps|Regina Spektor|323787
W.A.L|Valley|222147
Tears|The Tragic Thrills|211732
Into The Wild|Connell Cruise|195227
Celeste|Ezra Vine|203310
Run Away With Me|Carly Rae Jepsen|251320
This Is Gospel|Panic! At The Disco|187187
Singing In The Rain|Simple Plan|209489
Bad Things - With Camila Cabello|Machine Gun Kelly|239280
Geronimo|Sheppard|218228
Valentina|The Hunts|230213
Heartbreaker|LEVV|233877
Go|Grant Terry|218886
Fools|The Ransom Collective|310992
Locked Away|R. City|227480
I Love It (feat. Charli XCX) - Original Version|Icona Pop|155337
Break the Rules|Charli XCX|203908
Hollaback Girl|Gwen Stefani|199907
Better Man|Little Big Town|260933
All in Line|Firewoodisland|187973
Dancing On Glass - Acoustic|St. Lucia|229720
When You Come Home|Trevor Dahl|228053
Lighthouse|Lion-S|273296
Calahonda|Tall Tree Tales|199667
Somebody To Love|Kacey Musgraves|193027
Superman|Ivory Layne|251480
101|WALLA|203500
Take Yours, I'll Take Mine|Matthew Mole|223680
When I'm Away|The Colourist|203658
House On Fire|Ryan Cabrera|214496
Take a Walk|Passion Pit|264493
Sit Next to Me|Foster The People|243147
Vowels (and the Importance of Being Me)|HUNNY|184436
Sweet Disaster|DREAMERS|205173
Reforget|Lauv|231676
Trouble|Cage The Elephant|225973
Drive|Oh Wonder|196466
Electric Love|BØRNS|218107
First|Cold War Kids|200360
Pumped Up Kicks|Foster The People|239600
Kids|MGMT|302840
Fluorescent Adolescent|Arctic Monkeys|173493
Midnight City|M83|241440
Silvertongue|Young the Giant|197427
Sheep|Mt. Joy|215180
Painting (Masterpiece)|Lewis Del Mar|243413
Times Like These|Eden Project|286537
My Thoughts on You|The Band CAMINO|211109
Oceans|Seafret|215440
Habits of My Heart - EP Version|Jaymes Young|210639
Down|Brandyn Burnette|172852
She Said|Sundara Karma|224640
Fangs|Night Riots|215462
Love Is Mystical|Cold War Kids|214360
My Body|Young the Giant|244400
Good Morning|Grouplove|219560
Welcome To Your Life|Grouplove|227800
Electric Feel|MGMT|229640
Take Me Out|Franz Ferdinand|237027
Painkiller|DREAMERS|202627
Feels Like Summer|Weezer|195893
Island In The Sun|Weezer|200307
Cold Cold Cold|Cage The Elephant|214387
Sweater Weather|The Neighbourhood|240400
Kamikaze|WALK THE MOON|196533
Wish I Knew You|The Revivalists|274093
Pleaser|Wallows|187896
Something To Believe In|Young the Giant|228467
Favorite Liar|The Wrecks|242307
Can't Stop Your Lovin'|Poolside|237533
Everything's Gonna Be Alright|Mike Mains & The Branches|160987
Endless Summer|Mike Mains & The Branches|217845
Live Forever|Mike Mains & The Branches|205579
Marijuana Breath|Adam Jensen|219163
Breezeblocks|alt-J|227080
I Don't Know My Name|Grace VanderWaal|148840
Cut to Black|Lemaitre|201827
Blue Shift|Lemaitre|243163
The Friendly Sound|Lemaitre|244211
Something Good Can Work (The Twelves Remix)|Two Door Cinema Club|249280
Lisztomania|Phoenix|242147
Too Young|Phoenix|197973
C O O L - Radio Edit|Le Youth|214347
Sweetness Alive (feat. S L L)|Goldroom|262250
Cherry|Chromatics|272947
Ghost - Oliver Nelson Remix|Ella Henderson|304840
The Mother We Share|CHVRCHES|191294
Feel It All Around|Washed Out|192080
Talk Is Cheap|Nick Murphy / Chet Faker|218067
Release Your Problems|Nick Murphy / Chet Faker|192724
Gooey|Glass Animals|289307
Embrace|Goldroom|274797
Shine (Kygo Remix)|Benjamin Francis Leftwich|281133
Uma|Panama Wedding|216360
Name & Number|Shift K3Y|192533
Sexual Healing - Kygo Remix|Marvin Gaye|368317
Sea Of Voices - RAC Mix|Porter Robinson|367900
2Shy|Shura|280205
Indecision|Shura|214102
Cool Like Me|Fryars|218525
push pull|Purity Ring|207810
So Cruel|Young Empires|246254
Do It|Tuxedo|258503
Come Alive (feat. Toro y Moi)|Chromeo|238479
All Cried Out (feat. Alex Newell) - Oliver Nelson Remix|Blonde|326897
Youth|Ben Khan|197447
At Your Touch|Joe Hertz|257405
Body Suit|Banoffee|218217
Hurt Me (2015)|Låpsley|238952
On Fire|Carmada|230507
Walk Away|LANY|231692
Indiana|Tom Aspaul|219267
Stone|JOY.|230113
Deadwater|Wet|217400
Sober|Elli Ingram|211087
Ghost - Lost Kings Remix|Halsey|189267
Lost (Lenno Remix)|Scavenger Hunt|222384
Infinite High|Panama Wedding|190280
Halfway To Heaven|Panama Wedding|207227
Look the Other Way|DWNTWN|229219
WILD|Troye Sivan|227872
UGH!|The 1975|180026
Not Going Home|Great Good Fine Ok|214038
You're the One for Me|Great Good Fine Ok|230937
Hold On We're Going Home|ASTR|190582
Warm Water - Snakehips Remix|BANKS|253585
Looking For Sunshine - Original Mix|Yeah Boy|202652
Cool Blue|The Japanese House|231364
Runaway - Maths Time Joy Remix|Electric Youth|260199
Blind Spot|Darkly|268000
Feels Like Home - Radio Edit|The Him|184918
Spark|Kasket Club|240465
Circles|machineheart|283680
Edge of the Night|Wonderful Humans|187286